-- phpMyAdmin SQL Dump
-- version 4.1.6
-- http://www.phpmyadmin.net
--
-- Host: localhost
-- Generation Time: Feb 18, 2014 at 01:29 PM
-- Server version: 5.5.24-log
-- PHP Version: 5.3.13

SET SQL_MODE = "NO_AUTO_VALUE_ON_ZERO";
SET time_zone = "+00:00";


/*!40101 SET @OLD_CHARACTER_SET_CLIENT=@@CHARACTER_SET_CLIENT */;
/*!40101 SET @OLD_CHARACTER_SET_RESULTS=@@CHARACTER_SET_RESULTS */;
/*!40101 SET @OLD_COLLATION_CONNECTION=@@COLLATION_CONNECTION */;
/*!40101 SET NAMES utf8 */;

--
-- Database: `rana_scstarcable`
--

-- --------------------------------------------------------

--
-- Table structure for table `sc_admin`
--

CREATE TABLE IF NOT EXISTS `sc_admin` (
  `adminid` varchar(11) NOT NULL,
  `username` varchar(65) NOT NULL,
  `email` varchar(65) NOT NULL,
  `password` varchar(50) NOT NULL,
  `avtar` varchar(150) NOT NULL DEFAULT 'no-image.png',
  `language` tinyint(2) NOT NULL DEFAULT '1',
  `last_login_details` datetime NOT NULL,
  `created_datetime` datetime NOT NULL,
  `modify_datetime` datetime NOT NULL,
  PRIMARY KEY (`adminid`)
) ENGINE=InnoDB DEFAULT CHARSET=latin1;

--
-- Dumping data for table `sc_admin`
--

INSERT INTO `sc_admin` (`adminid`, `username`, `email`, `password`, `avtar`, `language`, `last_login_details`, `created_datetime`, `modify_datetime`) VALUES
('SCADMIN0001', 'Soyab Rana', 'ranasoyab@gmail.com', '21232f297a57a5a743894a0e4a801fc3', 'a90fb2375a1942d0b00f2f4ddc843689.jpg', 1, '2014-02-18 18:18:47', '2013-10-10 22:07:02', '2014-01-23 18:19:54'),
('SCADMIN0002', 'Chandubhai Rana', 'ranachandubhai@gmail.com', '21232f297a57a5a743894a0e4a801fc3', 'no-image.png', 1, '2005-01-01 00:43:23', '2013-10-10 22:07:40', '2013-10-10 22:07:44');

-- --------------------------------------------------------

--
-- Table structure for table `sc_connection_rate`
--

CREATE TABLE IF NOT EXISTS `sc_connection_rate` (
  `cr_id` int(11) NOT NULL AUTO_INCREMENT,
  `customer_id` varchar(11) NOT NULL,
  `rate_year` int(4) NOT NULL,
  `rate` decimal(6,2) NOT NULL,
  `created_id` varchar(11) NOT NULL,
  `created_datetime` datetime NOT NULL,
  `modify_id` varchar(11) NOT NULL,
  `modify_datetime` datetime NOT NULL,
  PRIMARY KEY (`cr_id`)
) ENGINE=InnoDB  DEFAULT CHARSET=latin1 AUTO_INCREMENT=1178 ;

--
-- Dumping data for table `sc_connection_rate`
--

INSERT INTO `sc_connection_rate` (`cr_id`, `customer_id`, `rate_year`, `rate`, `created_id`, `created_datetime`, `modify_id`, `modify_datetime`) VALUES
(1, 'SC_C_0001', 2014, '250.00', 'SCADMIN0001', '2014-02-18 13:15:44', 'SCADMIN0001', '2014-02-18 13:15:44'),
(2, 'SC_C_0002', 2014, '250.00', 'SCADMIN0001', '2014-02-18 13:15:44', 'SCADMIN0001', '2014-02-18 13:15:44'),
(3, 'SC_C_0003', 2014, '250.00', 'SCADMIN0001', '2014-02-18 13:15:44', 'SCADMIN0001', '2014-02-18 13:15:44'),
(4, 'SC_C_0004', 2014, '250.00', 'SCADMIN0001', '2014-02-18 13:15:44', 'SCADMIN0001', '2014-02-18 13:15:44'),
(5, 'SC_C_0005', 2014, '250.00', 'SCADMIN0001', '2014-02-18 13:15:44', 'SCADMIN0001', '2014-02-18 13:15:44'),
(6, 'SC_C_0006', 2014, '250.00', 'SCADMIN0001', '2014-02-18 13:15:44', 'SCADMIN0001', '2014-02-18 13:15:44'),
(7, 'SC_C_0007', 2014, '250.00', 'SCADMIN0001', '2014-02-18 13:15:44', 'SCADMIN0001', '2014-02-18 13:15:44'),
(8, 'SC_C_0008', 2014, '250.00', 'SCADMIN0001', '2014-02-18 13:15:45', 'SCADMIN0001', '2014-02-18 13:15:45'),
(9, 'SC_C_0009', 2014, '250.00', 'SCADMIN0001', '2014-02-18 13:15:45', 'SCADMIN0001', '2014-02-18 13:15:45'),
(10, 'SC_C_0010', 2014, '250.00', 'SCADMIN0001', '2014-02-18 13:15:45', 'SCADMIN0001', '2014-02-18 13:15:45'),
(11, 'SC_C_0011', 2014, '250.00', 'SCADMIN0001', '2014-02-18 13:15:45', 'SCADMIN0001', '2014-02-18 13:15:45'),
(12, 'SC_C_0012', 2014, '250.00', 'SCADMIN0001', '2014-02-18 13:15:45', 'SCADMIN0001', '2014-02-18 13:15:45'),
(13, 'SC_C_0013', 2014, '250.00', 'SCADMIN0001', '2014-02-18 13:15:45', 'SCADMIN0001', '2014-02-18 13:15:45'),
(14, 'SC_C_0014', 2014, '250.00', 'SCADMIN0001', '2014-02-18 13:15:45', 'SCADMIN0001', '2014-02-18 13:15:45'),
(15, 'SC_C_0015', 2014, '250.00', 'SCADMIN0001', '2014-02-18 13:15:45', 'SCADMIN0001', '2014-02-18 13:15:45'),
(16, 'SC_C_0016', 2014, '250.00', 'SCADMIN0001', '2014-02-18 13:15:45', 'SCADMIN0001', '2014-02-18 13:15:45'),
(17, 'SC_C_0017', 2014, '250.00', 'SCADMIN0001', '2014-02-18 13:15:45', 'SCADMIN0001', '2014-02-18 13:15:45'),
(18, 'SC_C_0018', 2014, '250.00', 'SCADMIN0001', '2014-02-18 13:15:45', 'SCADMIN0001', '2014-02-18 13:15:45'),
(19, 'SC_C_0019', 2014, '250.00', 'SCADMIN0001', '2014-02-18 13:15:46', 'SCADMIN0001', '2014-02-18 13:15:46'),
(20, 'SC_C_0020', 2014, '250.00', 'SCADMIN0001', '2014-02-18 13:15:46', 'SCADMIN0001', '2014-02-18 13:15:46'),
(21, 'SC_C_0021', 2014, '250.00', 'SCADMIN0001', '2014-02-18 13:15:46', 'SCADMIN0001', '2014-02-18 13:15:46'),
(22, 'SC_C_0022', 2014, '250.00', 'SCADMIN0001', '2014-02-18 13:15:46', 'SCADMIN0001', '2014-02-18 13:15:46'),
(23, 'SC_C_0023', 2014, '250.00', 'SCADMIN0001', '2014-02-18 13:15:46', 'SCADMIN0001', '2014-02-18 13:15:46'),
(24, 'SC_C_0024', 2014, '250.00', 'SCADMIN0001', '2014-02-18 13:15:46', 'SCADMIN0001', '2014-02-18 13:15:46'),
(25, 'SC_C_0025', 2014, '250.00', 'SCADMIN0001', '2014-02-18 13:15:46', 'SCADMIN0001', '2014-02-18 13:15:46'),
(26, 'SC_C_0026', 2014, '250.00', 'SCADMIN0001', '2014-02-18 13:15:46', 'SCADMIN0001', '2014-02-18 13:15:46'),
(27, 'SC_C_0027', 2014, '250.00', 'SCADMIN0001', '2014-02-18 13:15:46', 'SCADMIN0001', '2014-02-18 13:15:46'),
(28, 'SC_C_0028', 2014, '250.00', 'SCADMIN0001', '2014-02-18 13:15:46', 'SCADMIN0001', '2014-02-18 13:15:46'),
(29, 'SC_C_0029', 2014, '250.00', 'SCADMIN0001', '2014-02-18 13:15:46', 'SCADMIN0001', '2014-02-18 13:15:46'),
(30, 'SC_C_0030', 2014, '250.00', 'SCADMIN0001', '2014-02-18 13:15:46', 'SCADMIN0001', '2014-02-18 13:15:46'),
(31, 'SC_C_0031', 2014, '250.00', 'SCADMIN0001', '2014-02-18 13:15:47', 'SCADMIN0001', '2014-02-18 13:15:47'),
(32, 'SC_C_0032', 2014, '250.00', 'SCADMIN0001', '2014-02-18 13:15:47', 'SCADMIN0001', '2014-02-18 13:15:47'),
(33, 'SC_C_0033', 2014, '250.00', 'SCADMIN0001', '2014-02-18 13:15:47', 'SCADMIN0001', '2014-02-18 13:15:47'),
(34, 'SC_C_0034', 2014, '250.00', 'SCADMIN0001', '2014-02-18 13:15:47', 'SCADMIN0001', '2014-02-18 13:15:47'),
(35, 'SC_C_0035', 2014, '250.00', 'SCADMIN0001', '2014-02-18 13:15:47', 'SCADMIN0001', '2014-02-18 13:15:47'),
(36, 'SC_C_0036', 2014, '250.00', 'SCADMIN0001', '2014-02-18 13:15:47', 'SCADMIN0001', '2014-02-18 13:15:47'),
(37, 'SC_C_0037', 2014, '250.00', 'SCADMIN0001', '2014-02-18 13:15:47', 'SCADMIN0001', '2014-02-18 13:15:47'),
(38, 'SC_C_0038', 2014, '250.00', 'SCADMIN0001', '2014-02-18 13:15:47', 'SCADMIN0001', '2014-02-18 13:15:47'),
(39, 'SC_C_0039', 2014, '250.00', 'SCADMIN0001', '2014-02-18 13:15:47', 'SCADMIN0001', '2014-02-18 13:15:47'),
(40, 'SC_C_0040', 2014, '250.00', 'SCADMIN0001', '2014-02-18 13:15:47', 'SCADMIN0001', '2014-02-18 13:15:47'),
(41, 'SC_C_0041', 2014, '250.00', 'SCADMIN0001', '2014-02-18 13:15:47', 'SCADMIN0001', '2014-02-18 13:15:47'),
(42, 'SC_C_0042', 2014, '250.00', 'SCADMIN0001', '2014-02-18 13:15:48', 'SCADMIN0001', '2014-02-18 13:15:48'),
(43, 'SC_C_0043', 2014, '250.00', 'SCADMIN0001', '2014-02-18 13:15:48', 'SCADMIN0001', '2014-02-18 13:15:48'),
(44, 'SC_C_0044', 2014, '250.00', 'SCADMIN0001', '2014-02-18 13:15:48', 'SCADMIN0001', '2014-02-18 13:15:48'),
(45, 'SC_C_0045', 2014, '250.00', 'SCADMIN0001', '2014-02-18 13:15:48', 'SCADMIN0001', '2014-02-18 13:15:48'),
(46, 'SC_C_0046', 2014, '250.00', 'SCADMIN0001', '2014-02-18 13:15:48', 'SCADMIN0001', '2014-02-18 13:15:48'),
(47, 'SC_C_0047', 2014, '250.00', 'SCADMIN0001', '2014-02-18 13:15:48', 'SCADMIN0001', '2014-02-18 13:15:48'),
(48, 'SC_C_0048', 2014, '250.00', 'SCADMIN0001', '2014-02-18 13:15:48', 'SCADMIN0001', '2014-02-18 13:15:48'),
(49, 'SC_C_0049', 2014, '250.00', 'SCADMIN0001', '2014-02-18 13:15:48', 'SCADMIN0001', '2014-02-18 13:15:48'),
(50, 'SC_C_0050', 2014, '250.00', 'SCADMIN0001', '2014-02-18 13:15:48', 'SCADMIN0001', '2014-02-18 13:15:48'),
(51, 'SC_C_0051', 2014, '250.00', 'SCADMIN0001', '2014-02-18 13:15:48', 'SCADMIN0001', '2014-02-18 13:15:48'),
(52, 'SC_C_0052', 2014, '250.00', 'SCADMIN0001', '2014-02-18 13:15:48', 'SCADMIN0001', '2014-02-18 13:15:48'),
(53, 'SC_C_0053', 2014, '250.00', 'SCADMIN0001', '2014-02-18 13:15:48', 'SCADMIN0001', '2014-02-18 13:15:48'),
(54, 'SC_C_0054', 2014, '250.00', 'SCADMIN0001', '2014-02-18 13:15:48', 'SCADMIN0001', '2014-02-18 13:15:48'),
(55, 'SC_C_0055', 2014, '250.00', 'SCADMIN0001', '2014-02-18 13:15:49', 'SCADMIN0001', '2014-02-18 13:15:49'),
(56, 'SC_C_0056', 2014, '250.00', 'SCADMIN0001', '2014-02-18 13:15:49', 'SCADMIN0001', '2014-02-18 13:15:49'),
(57, 'SC_C_0057', 2014, '250.00', 'SCADMIN0001', '2014-02-18 13:15:49', 'SCADMIN0001', '2014-02-18 13:15:49'),
(58, 'SC_C_0058', 2014, '250.00', 'SCADMIN0001', '2014-02-18 13:15:49', 'SCADMIN0001', '2014-02-18 13:15:49'),
(59, 'SC_C_0059', 2014, '250.00', 'SCADMIN0001', '2014-02-18 13:15:49', 'SCADMIN0001', '2014-02-18 13:15:49'),
(60, 'SC_C_0060', 2014, '250.00', 'SCADMIN0001', '2014-02-18 13:15:49', 'SCADMIN0001', '2014-02-18 13:15:49'),
(61, 'SC_C_0061', 2014, '250.00', 'SCADMIN0001', '2014-02-18 13:15:49', 'SCADMIN0001', '2014-02-18 13:15:49'),
(62, 'SC_C_0062', 2014, '250.00', 'SCADMIN0001', '2014-02-18 13:15:49', 'SCADMIN0001', '2014-02-18 13:15:49'),
(63, 'SC_C_0063', 2014, '250.00', 'SCADMIN0001', '2014-02-18 13:15:49', 'SCADMIN0001', '2014-02-18 13:15:49'),
(64, 'SC_C_0064', 2014, '250.00', 'SCADMIN0001', '2014-02-18 13:15:49', 'SCADMIN0001', '2014-02-18 13:15:49'),
(65, 'SC_C_0065', 2014, '250.00', 'SCADMIN0001', '2014-02-18 13:15:49', 'SCADMIN0001', '2014-02-18 13:15:49'),
(66, 'SC_C_0066', 2014, '250.00', 'SCADMIN0001', '2014-02-18 13:15:50', 'SCADMIN0001', '2014-02-18 13:15:50'),
(67, 'SC_C_0067', 2014, '250.00', 'SCADMIN0001', '2014-02-18 13:15:50', 'SCADMIN0001', '2014-02-18 13:15:50'),
(68, 'SC_C_0068', 2014, '250.00', 'SCADMIN0001', '2014-02-18 13:15:50', 'SCADMIN0001', '2014-02-18 13:15:50'),
(69, 'SC_C_0069', 2014, '250.00', 'SCADMIN0001', '2014-02-18 13:15:50', 'SCADMIN0001', '2014-02-18 13:15:50'),
(70, 'SC_C_0070', 2014, '250.00', 'SCADMIN0001', '2014-02-18 13:15:50', 'SCADMIN0001', '2014-02-18 13:15:50'),
(71, 'SC_C_0071', 2014, '250.00', 'SCADMIN0001', '2014-02-18 13:15:50', 'SCADMIN0001', '2014-02-18 13:15:50'),
(72, 'SC_C_0072', 2014, '250.00', 'SCADMIN0001', '2014-02-18 13:15:50', 'SCADMIN0001', '2014-02-18 13:15:50'),
(73, 'SC_C_0073', 2014, '250.00', 'SCADMIN0001', '2014-02-18 13:15:50', 'SCADMIN0001', '2014-02-18 13:15:50'),
(74, 'SC_C_0074', 2014, '250.00', 'SCADMIN0001', '2014-02-18 13:15:50', 'SCADMIN0001', '2014-02-18 13:15:50'),
(75, 'SC_C_0075', 2014, '250.00', 'SCADMIN0001', '2014-02-18 13:15:50', 'SCADMIN0001', '2014-02-18 13:15:50'),
(76, 'SC_C_0076', 2014, '250.00', 'SCADMIN0001', '2014-02-18 13:15:50', 'SCADMIN0001', '2014-02-18 13:15:50'),
(77, 'SC_C_0077', 2014, '250.00', 'SCADMIN0001', '2014-02-18 13:15:50', 'SCADMIN0001', '2014-02-18 13:15:50'),
(78, 'SC_C_0078', 2014, '250.00', 'SCADMIN0001', '2014-02-18 13:15:51', 'SCADMIN0001', '2014-02-18 13:15:51'),
(79, 'SC_C_0079', 2014, '250.00', 'SCADMIN0001', '2014-02-18 13:15:51', 'SCADMIN0001', '2014-02-18 13:15:51'),
(80, 'SC_C_0080', 2014, '250.00', 'SCADMIN0001', '2014-02-18 13:15:51', 'SCADMIN0001', '2014-02-18 13:15:51'),
(81, 'SC_C_0081', 2014, '250.00', 'SCADMIN0001', '2014-02-18 13:15:51', 'SCADMIN0001', '2014-02-18 13:15:51'),
(82, 'SC_C_0082', 2014, '250.00', 'SCADMIN0001', '2014-02-18 13:15:51', 'SCADMIN0001', '2014-02-18 13:15:51'),
(83, 'SC_C_0083', 2014, '250.00', 'SCADMIN0001', '2014-02-18 13:15:51', 'SCADMIN0001', '2014-02-18 13:15:51'),
(84, 'SC_C_0084', 2014, '250.00', 'SCADMIN0001', '2014-02-18 13:15:51', 'SCADMIN0001', '2014-02-18 13:15:51'),
(85, 'SC_C_0085', 2014, '250.00', 'SCADMIN0001', '2014-02-18 13:15:51', 'SCADMIN0001', '2014-02-18 13:15:51'),
(86, 'SC_C_0086', 2014, '250.00', 'SCADMIN0001', '2014-02-18 13:15:51', 'SCADMIN0001', '2014-02-18 13:15:51'),
(87, 'SC_C_0087', 2014, '250.00', 'SCADMIN0001', '2014-02-18 13:15:51', 'SCADMIN0001', '2014-02-18 13:15:51'),
(88, 'SC_C_0088', 2014, '250.00', 'SCADMIN0001', '2014-02-18 13:15:51', 'SCADMIN0001', '2014-02-18 13:15:51'),
(89, 'SC_C_0089', 2014, '250.00', 'SCADMIN0001', '2014-02-18 13:15:51', 'SCADMIN0001', '2014-02-18 13:15:51'),
(90, 'SC_C_0090', 2014, '250.00', 'SCADMIN0001', '2014-02-18 13:15:51', 'SCADMIN0001', '2014-02-18 13:15:51'),
(91, 'SC_C_0091', 2014, '250.00', 'SCADMIN0001', '2014-02-18 13:15:52', 'SCADMIN0001', '2014-02-18 13:15:52'),
(92, 'SC_C_0092', 2014, '250.00', 'SCADMIN0001', '2014-02-18 13:15:52', 'SCADMIN0001', '2014-02-18 13:15:52'),
(93, 'SC_C_0093', 2014, '250.00', 'SCADMIN0001', '2014-02-18 13:15:52', 'SCADMIN0001', '2014-02-18 13:15:52'),
(94, 'SC_C_0094', 2014, '250.00', 'SCADMIN0001', '2014-02-18 13:15:52', 'SCADMIN0001', '2014-02-18 13:15:52'),
(95, 'SC_C_0095', 2014, '250.00', 'SCADMIN0001', '2014-02-18 13:15:52', 'SCADMIN0001', '2014-02-18 13:15:52'),
(96, 'SC_C_0096', 2014, '250.00', 'SCADMIN0001', '2014-02-18 13:15:52', 'SCADMIN0001', '2014-02-18 13:15:52'),
(97, 'SC_C_0097', 2014, '250.00', 'SCADMIN0001', '2014-02-18 13:15:52', 'SCADMIN0001', '2014-02-18 13:15:52'),
(98, 'SC_C_0098', 2014, '250.00', 'SCADMIN0001', '2014-02-18 13:15:52', 'SCADMIN0001', '2014-02-18 13:15:52'),
(99, 'SC_C_0099', 2014, '250.00', 'SCADMIN0001', '2014-02-18 13:15:52', 'SCADMIN0001', '2014-02-18 13:15:52'),
(100, 'SC_C_0100', 2014, '250.00', 'SCADMIN0001', '2014-02-18 13:15:52', 'SCADMIN0001', '2014-02-18 13:15:52'),
(101, 'SC_C_0101', 2014, '250.00', 'SCADMIN0001', '2014-02-18 13:15:52', 'SCADMIN0001', '2014-02-18 13:15:52'),
(102, 'SC_C_0102', 2014, '250.00', 'SCADMIN0001', '2014-02-18 13:15:52', 'SCADMIN0001', '2014-02-18 13:15:52'),
(103, 'SC_C_0103', 2014, '250.00', 'SCADMIN0001', '2014-02-18 13:15:53', 'SCADMIN0001', '2014-02-18 13:15:53'),
(104, 'SC_C_0104', 2014, '250.00', 'SCADMIN0001', '2014-02-18 13:15:53', 'SCADMIN0001', '2014-02-18 13:15:53'),
(105, 'SC_C_0105', 2014, '250.00', 'SCADMIN0001', '2014-02-18 13:15:53', 'SCADMIN0001', '2014-02-18 13:15:53'),
(106, 'SC_C_0106', 2014, '250.00', 'SCADMIN0001', '2014-02-18 13:15:53', 'SCADMIN0001', '2014-02-18 13:15:53'),
(107, 'SC_C_0107', 2014, '250.00', 'SCADMIN0001', '2014-02-18 13:15:53', 'SCADMIN0001', '2014-02-18 13:15:53'),
(108, 'SC_C_0108', 2014, '250.00', 'SCADMIN0001', '2014-02-18 13:15:53', 'SCADMIN0001', '2014-02-18 13:15:53'),
(109, 'SC_C_0109', 2014, '250.00', 'SCADMIN0001', '2014-02-18 13:15:53', 'SCADMIN0001', '2014-02-18 13:15:53'),
(110, 'SC_C_0110', 2014, '250.00', 'SCADMIN0001', '2014-02-18 13:15:53', 'SCADMIN0001', '2014-02-18 13:15:53'),
(111, 'SC_C_0111', 2014, '250.00', 'SCADMIN0001', '2014-02-18 13:15:53', 'SCADMIN0001', '2014-02-18 13:15:53'),
(112, 'SC_C_0112', 2014, '250.00', 'SCADMIN0001', '2014-02-18 13:15:53', 'SCADMIN0001', '2014-02-18 13:15:53'),
(113, 'SC_C_0113', 2014, '250.00', 'SCADMIN0001', '2014-02-18 13:15:53', 'SCADMIN0001', '2014-02-18 13:15:53'),
(114, 'SC_C_0114', 2014, '250.00', 'SCADMIN0001', '2014-02-18 13:15:53', 'SCADMIN0001', '2014-02-18 13:15:53'),
(115, 'SC_C_0115', 2014, '250.00', 'SCADMIN0001', '2014-02-18 13:15:53', 'SCADMIN0001', '2014-02-18 13:15:53'),
(116, 'SC_C_0116', 2014, '250.00', 'SCADMIN0001', '2014-02-18 13:15:54', 'SCADMIN0001', '2014-02-18 13:15:54'),
(117, 'SC_C_0117', 2014, '250.00', 'SCADMIN0001', '2014-02-18 13:15:54', 'SCADMIN0001', '2014-02-18 13:15:54'),
(118, 'SC_C_0118', 2014, '250.00', 'SCADMIN0001', '2014-02-18 13:15:54', 'SCADMIN0001', '2014-02-18 13:15:54'),
(119, 'SC_C_0119', 2014, '250.00', 'SCADMIN0001', '2014-02-18 13:15:54', 'SCADMIN0001', '2014-02-18 13:15:54'),
(120, 'SC_C_0120', 2014, '250.00', 'SCADMIN0001', '2014-02-18 13:15:54', 'SCADMIN0001', '2014-02-18 13:15:54'),
(121, 'SC_C_0121', 2014, '250.00', 'SCADMIN0001', '2014-02-18 13:15:54', 'SCADMIN0001', '2014-02-18 13:15:54'),
(122, 'SC_C_0122', 2014, '250.00', 'SCADMIN0001', '2014-02-18 13:15:54', 'SCADMIN0001', '2014-02-18 13:15:54'),
(123, 'SC_C_0123', 2014, '250.00', 'SCADMIN0001', '2014-02-18 13:15:54', 'SCADMIN0001', '2014-02-18 13:15:54'),
(124, 'SC_C_0124', 2014, '250.00', 'SCADMIN0001', '2014-02-18 13:15:55', 'SCADMIN0001', '2014-02-18 13:15:55'),
(125, 'SC_C_0125', 2014, '250.00', 'SCADMIN0001', '2014-02-18 13:15:55', 'SCADMIN0001', '2014-02-18 13:15:55'),
(126, 'SC_C_0126', 2014, '250.00', 'SCADMIN0001', '2014-02-18 13:15:55', 'SCADMIN0001', '2014-02-18 13:15:55'),
(127, 'SC_C_0127', 2014, '250.00', 'SCADMIN0001', '2014-02-18 13:15:55', 'SCADMIN0001', '2014-02-18 13:15:55'),
(128, 'SC_C_0128', 2014, '250.00', 'SCADMIN0001', '2014-02-18 13:15:55', 'SCADMIN0001', '2014-02-18 13:15:55'),
(129, 'SC_C_0129', 2014, '250.00', 'SCADMIN0001', '2014-02-18 13:15:55', 'SCADMIN0001', '2014-02-18 13:15:55'),
(130, 'SC_C_0130', 2014, '250.00', 'SCADMIN0001', '2014-02-18 13:15:55', 'SCADMIN0001', '2014-02-18 13:15:55'),
(131, 'SC_C_0131', 2014, '250.00', 'SCADMIN0001', '2014-02-18 13:15:55', 'SCADMIN0001', '2014-02-18 13:15:55'),
(132, 'SC_C_0132', 2014, '250.00', 'SCADMIN0001', '2014-02-18 13:15:55', 'SCADMIN0001', '2014-02-18 13:15:55'),
(133, 'SC_C_0133', 2014, '250.00', 'SCADMIN0001', '2014-02-18 13:15:55', 'SCADMIN0001', '2014-02-18 13:15:55'),
(134, 'SC_C_0134', 2014, '250.00', 'SCADMIN0001', '2014-02-18 13:15:56', 'SCADMIN0001', '2014-02-18 13:15:56'),
(135, 'SC_C_0135', 2014, '250.00', 'SCADMIN0001', '2014-02-18 13:15:56', 'SCADMIN0001', '2014-02-18 13:15:56'),
(136, 'SC_C_0136', 2014, '250.00', 'SCADMIN0001', '2014-02-18 13:15:56', 'SCADMIN0001', '2014-02-18 13:15:56'),
(137, 'SC_C_0137', 2014, '250.00', 'SCADMIN0001', '2014-02-18 13:15:56', 'SCADMIN0001', '2014-02-18 13:15:56'),
(138, 'SC_C_0138', 2014, '250.00', 'SCADMIN0001', '2014-02-18 13:15:56', 'SCADMIN0001', '2014-02-18 13:15:56'),
(139, 'SC_C_0139', 2014, '250.00', 'SCADMIN0001', '2014-02-18 13:15:56', 'SCADMIN0001', '2014-02-18 13:15:56'),
(140, 'SC_C_0140', 2014, '250.00', 'SCADMIN0001', '2014-02-18 13:15:56', 'SCADMIN0001', '2014-02-18 13:15:56'),
(141, 'SC_C_0141', 2014, '250.00', 'SCADMIN0001', '2014-02-18 13:15:56', 'SCADMIN0001', '2014-02-18 13:15:56'),
(142, 'SC_C_0142', 2014, '250.00', 'SCADMIN0001', '2014-02-18 13:15:56', 'SCADMIN0001', '2014-02-18 13:15:56'),
(143, 'SC_C_0143', 2014, '250.00', 'SCADMIN0001', '2014-02-18 13:15:56', 'SCADMIN0001', '2014-02-18 13:15:56'),
(144, 'SC_C_0144', 2014, '250.00', 'SCADMIN0001', '2014-02-18 13:15:56', 'SCADMIN0001', '2014-02-18 13:15:56'),
(145, 'SC_C_0145', 2014, '250.00', 'SCADMIN0001', '2014-02-18 13:15:56', 'SCADMIN0001', '2014-02-18 13:15:56'),
(146, 'SC_C_0146', 2014, '250.00', 'SCADMIN0001', '2014-02-18 13:15:56', 'SCADMIN0001', '2014-02-18 13:15:56'),
(147, 'SC_C_0147', 2014, '250.00', 'SCADMIN0001', '2014-02-18 13:15:57', 'SCADMIN0001', '2014-02-18 13:15:57'),
(148, 'SC_C_0148', 2014, '250.00', 'SCADMIN0001', '2014-02-18 13:15:57', 'SCADMIN0001', '2014-02-18 13:15:57'),
(149, 'SC_C_0149', 2014, '250.00', 'SCADMIN0001', '2014-02-18 13:15:57', 'SCADMIN0001', '2014-02-18 13:15:57'),
(150, 'SC_C_0150', 2014, '250.00', 'SCADMIN0001', '2014-02-18 13:15:57', 'SCADMIN0001', '2014-02-18 13:15:57'),
(151, 'SC_C_0151', 2014, '250.00', 'SCADMIN0001', '2014-02-18 13:15:57', 'SCADMIN0001', '2014-02-18 13:15:57'),
(152, 'SC_C_0152', 2014, '250.00', 'SCADMIN0001', '2014-02-18 13:15:57', 'SCADMIN0001', '2014-02-18 13:15:57'),
(153, 'SC_C_0153', 2014, '250.00', 'SCADMIN0001', '2014-02-18 13:15:57', 'SCADMIN0001', '2014-02-18 13:15:57'),
(154, 'SC_C_0154', 2014, '250.00', 'SCADMIN0001', '2014-02-18 13:15:57', 'SCADMIN0001', '2014-02-18 13:15:57'),
(155, 'SC_C_0155', 2014, '250.00', 'SCADMIN0001', '2014-02-18 13:15:57', 'SCADMIN0001', '2014-02-18 13:15:57'),
(156, 'SC_C_0156', 2014, '250.00', 'SCADMIN0001', '2014-02-18 13:15:57', 'SCADMIN0001', '2014-02-18 13:15:57'),
(157, 'SC_C_0157', 2014, '250.00', 'SCADMIN0001', '2014-02-18 13:15:57', 'SCADMIN0001', '2014-02-18 13:15:57'),
(158, 'SC_C_0158', 2014, '250.00', 'SCADMIN0001', '2014-02-18 13:15:57', 'SCADMIN0001', '2014-02-18 13:15:57'),
(159, 'SC_C_0159', 2014, '250.00', 'SCADMIN0001', '2014-02-18 13:15:58', 'SCADMIN0001', '2014-02-18 13:15:58'),
(160, 'SC_C_0160', 2014, '250.00', 'SCADMIN0001', '2014-02-18 13:15:58', 'SCADMIN0001', '2014-02-18 13:15:58'),
(161, 'SC_C_0161', 2014, '250.00', 'SCADMIN0001', '2014-02-18 13:15:58', 'SCADMIN0001', '2014-02-18 13:15:58'),
(162, 'SC_C_0162', 2014, '250.00', 'SCADMIN0001', '2014-02-18 13:15:58', 'SCADMIN0001', '2014-02-18 13:15:58'),
(163, 'SC_C_0163', 2014, '250.00', 'SCADMIN0001', '2014-02-18 13:15:58', 'SCADMIN0001', '2014-02-18 13:15:58'),
(164, 'SC_C_0164', 2014, '250.00', 'SCADMIN0001', '2014-02-18 13:15:58', 'SCADMIN0001', '2014-02-18 13:15:58'),
(165, 'SC_C_0165', 2014, '250.00', 'SCADMIN0001', '2014-02-18 13:15:58', 'SCADMIN0001', '2014-02-18 13:15:58'),
(166, 'SC_C_0166', 2014, '250.00', 'SCADMIN0001', '2014-02-18 13:15:58', 'SCADMIN0001', '2014-02-18 13:15:58'),
(167, 'SC_C_0167', 2014, '250.00', 'SCADMIN0001', '2014-02-18 13:15:58', 'SCADMIN0001', '2014-02-18 13:15:58'),
(168, 'SC_C_0168', 2014, '250.00', 'SCADMIN0001', '2014-02-18 13:15:58', 'SCADMIN0001', '2014-02-18 13:15:58'),
(169, 'SC_C_0169', 2014, '250.00', 'SCADMIN0001', '2014-02-18 13:15:58', 'SCADMIN0001', '2014-02-18 13:15:58'),
(170, 'SC_C_0170', 2014, '250.00', 'SCADMIN0001', '2014-02-18 13:15:58', 'SCADMIN0001', '2014-02-18 13:15:58'),
(171, 'SC_C_0171', 2014, '250.00', 'SCADMIN0001', '2014-02-18 13:15:59', 'SCADMIN0001', '2014-02-18 13:15:59'),
(172, 'SC_C_0172', 2014, '250.00', 'SCADMIN0001', '2014-02-18 13:15:59', 'SCADMIN0001', '2014-02-18 13:15:59'),
(173, 'SC_C_0173', 2014, '250.00', 'SCADMIN0001', '2014-02-18 13:15:59', 'SCADMIN0001', '2014-02-18 13:15:59'),
(174, 'SC_C_0174', 2014, '250.00', 'SCADMIN0001', '2014-02-18 13:15:59', 'SCADMIN0001', '2014-02-18 13:15:59'),
(175, 'SC_C_0175', 2014, '250.00', 'SCADMIN0001', '2014-02-18 13:15:59', 'SCADMIN0001', '2014-02-18 13:15:59'),
(176, 'SC_C_0176', 2014, '250.00', 'SCADMIN0001', '2014-02-18 13:15:59', 'SCADMIN0001', '2014-02-18 13:15:59'),
(177, 'SC_C_0177', 2014, '250.00', 'SCADMIN0001', '2014-02-18 13:15:59', 'SCADMIN0001', '2014-02-18 13:15:59'),
(178, 'SC_C_0178', 2014, '250.00', 'SCADMIN0001', '2014-02-18 13:15:59', 'SCADMIN0001', '2014-02-18 13:15:59'),
(179, 'SC_C_0179', 2014, '250.00', 'SCADMIN0001', '2014-02-18 13:15:59', 'SCADMIN0001', '2014-02-18 13:15:59'),
(180, 'SC_C_0180', 2014, '250.00', 'SCADMIN0001', '2014-02-18 13:15:59', 'SCADMIN0001', '2014-02-18 13:15:59'),
(181, 'SC_C_0181', 2014, '250.00', 'SCADMIN0001', '2014-02-18 13:15:59', 'SCADMIN0001', '2014-02-18 13:15:59'),
(182, 'SC_C_0182', 2014, '250.00', 'SCADMIN0001', '2014-02-18 13:15:59', 'SCADMIN0001', '2014-02-18 13:15:59'),
(183, 'SC_C_0183', 2014, '250.00', 'SCADMIN0001', '2014-02-18 13:16:00', 'SCADMIN0001', '2014-02-18 13:16:00'),
(184, 'SC_C_0184', 2014, '250.00', 'SCADMIN0001', '2014-02-18 13:16:00', 'SCADMIN0001', '2014-02-18 13:16:00'),
(185, 'SC_C_0185', 2014, '250.00', 'SCADMIN0001', '2014-02-18 13:16:00', 'SCADMIN0001', '2014-02-18 13:16:00'),
(186, 'SC_C_0186', 2014, '250.00', 'SCADMIN0001', '2014-02-18 13:16:00', 'SCADMIN0001', '2014-02-18 13:16:00'),
(187, 'SC_C_0187', 2014, '250.00', 'SCADMIN0001', '2014-02-18 13:16:00', 'SCADMIN0001', '2014-02-18 13:16:00'),
(188, 'SC_C_0188', 2014, '250.00', 'SCADMIN0001', '2014-02-18 13:16:00', 'SCADMIN0001', '2014-02-18 13:16:00'),
(189, 'SC_C_0189', 2014, '250.00', 'SCADMIN0001', '2014-02-18 13:16:00', 'SCADMIN0001', '2014-02-18 13:16:00'),
(190, 'SC_C_0190', 2014, '250.00', 'SCADMIN0001', '2014-02-18 13:16:00', 'SCADMIN0001', '2014-02-18 13:16:00'),
(191, 'SC_C_0191', 2014, '250.00', 'SCADMIN0001', '2014-02-18 13:16:00', 'SCADMIN0001', '2014-02-18 13:16:00'),
(192, 'SC_C_0192', 2014, '250.00', 'SCADMIN0001', '2014-02-18 13:16:00', 'SCADMIN0001', '2014-02-18 13:16:00');

-- --------------------------------------------------------

--
-- Table structure for table `sc_customer`
--

CREATE TABLE IF NOT EXISTS `sc_customer` (
  `customerid` varchar(11) NOT NULL,
  `firstname` varchar(65) NOT NULL,
  `middlename` varchar(65) NOT NULL,
  `lastname` varchar(65) NOT NULL,
  `note` text,
  `email` varchar(65) DEFAULT NULL,
  `password` varchar(32) DEFAULT NULL,
  `housenumber` varchar(10) NOT NULL,
  `society` varchar(11) NOT NULL,
  `date_of_reg` date DEFAULT NULL,
  `mobileno` varchar(10) DEFAULT NULL,
  `avtar` varchar(100) DEFAULT 'no-image.png',
  `language` tinyint(2) NOT NULL DEFAULT '1',
  `setup_box_id` varchar(11) NOT NULL,
  `monthly_rate` int(4) DEFAULT NULL,
  `created_id` varchar(11) NOT NULL,
  `created_datetime` datetime NOT NULL,
  `modify_id` varchar(11) NOT NULL,
  `modify_datetime` datetime NOT NULL,
  KEY `created_id` (`created_id`,`modify_id`),
  KEY `modify_id` (`modify_id`)
) ENGINE=InnoDB DEFAULT CHARSET=latin1;

--
-- Dumping data for table `sc_customer`
--

INSERT INTO `sc_customer` (`customerid`, `firstname`, `middlename`, `lastname`, `note`, `email`, `password`, `housenumber`, `society`, `date_of_reg`, `mobileno`, `avtar`, `language`, `setup_box_id`, `monthly_rate`, `created_id`, `created_datetime`, `modify_id`, `modify_datetime`) VALUES
('SC_C_0001', 'Vijaybhai', 'M', 'Prajapati (top)', NULL, NULL, NULL, '665', 'SC_SO_0001', '1970-01-01', '9978914688', 'no-image.png', 1, 'SC_SB_0001', NULL, 'SCADMIN0001', '2014-02-18 13:15:44', 'SCADMIN0001', '2014-02-18 13:15:44'),
('SC_C_0002', 'Vijaybhai', 'M', 'Prajapati (down)', NULL, NULL, NULL, '655', 'SC_SO_0001', '2005-10-13', '9978914688', 'no-image.png', 1, 'SC_SB_0002', NULL, 'SCADMIN0001', '2014-02-18 13:15:44', 'SCADMIN0001', '2014-02-18 13:15:44'),
('SC_C_0003', 'Chandrakantbahi', '', 'Khatri', NULL, NULL, NULL, '666', 'SC_SO_0001', '1970-01-01', NULL, 'no-image.png', 1, 'SC_SB_0003', NULL, 'SCADMIN0001', '2014-02-18 13:15:44', 'SCADMIN0001', '2014-02-18 13:15:44'),
('SC_C_0004', 'Khodabhai', 'D', 'Parmar', NULL, NULL, NULL, '669', 'SC_SO_0001', '2004-08-13', '9974557936', 'no-image.png', 1, 'SC_SB_0004', NULL, 'SCADMIN0001', '2014-02-18 13:15:44', 'SCADMIN0001', '2014-02-18 13:15:44'),
('SC_C_0005', 'Nileshbhai', 'P', 'Jani (soifya down)', NULL, NULL, NULL, '674', 'SC_SO_0001', '1970-01-01', NULL, 'no-image.png', 1, 'SC_SB_0005', NULL, 'SCADMIN0001', '2014-02-18 13:15:44', 'SCADMIN0001', '2014-02-18 13:15:44'),
('SC_C_0006', 'Arjunbhai', 'B', 'Bavadkap (Sofiya Top)', 'Nileshbhai P. Jani', NULL, NULL, '674', 'SC_SO_0001', '1970-01-01', '9033013877', 'no-image.png', 1, 'SC_SB_0006', NULL, 'SCADMIN0001', '2014-02-18 13:15:44', 'SCADMIN0001', '2014-02-18 18:58:03'),
('SC_C_0007', 'Kapurchand', 'D', 'Agrwal', NULL, NULL, NULL, '675', 'SC_SO_0001', '1970-01-01', '9712475244', 'no-image.png', 1, 'SC_SB_0007', NULL, 'SCADMIN0001', '2014-02-18 13:15:44', 'SCADMIN0001', '2014-02-18 13:15:44'),
('SC_C_0008', 'Vinodbhai', 'C', 'Koli', NULL, NULL, NULL, '676', 'SC_SO_0001', '1970-01-01', '9824716465', 'no-image.png', 1, 'SC_SB_0008', NULL, 'SCADMIN0001', '2014-02-18 13:15:44', 'SCADMIN0001', '2014-02-18 13:15:44'),
('SC_C_0009', 'Harshadbhai', 'M', 'Patil', NULL, NULL, NULL, '680', 'SC_SO_0001', '2004-08-13', NULL, 'no-image.png', 1, 'SC_SB_0009', NULL, 'SCADMIN0001', '2014-02-18 13:15:45', 'SCADMIN0001', '2014-02-18 13:15:45'),
('SC_C_0010', 'Chandraphagaben', '', 'Bhatt', NULL, NULL, NULL, '684', 'SC_SO_0001', '1970-01-01', NULL, 'no-image.png', 1, 'SC_SB_0010', NULL, 'SCADMIN0001', '2014-02-18 13:15:45', 'SCADMIN0001', '2014-02-18 13:15:45'),
('SC_C_0011', 'Rajubhai', 'S', 'Thakor', NULL, NULL, NULL, '688', 'SC_SO_0001', '1970-01-01', NULL, 'no-image.png', 1, 'SC_SB_0011', NULL, 'SCADMIN0001', '2014-02-18 13:15:45', 'SCADMIN0001', '2014-02-18 13:15:45'),
('SC_C_0012', 'Jitubhai', 'S', 'Thakor', 'Kailasben Thakor', NULL, NULL, '688', 'SC_SO_0001', '1970-01-01', NULL, 'no-image.png', 1, 'SC_SB_0012', NULL, 'SCADMIN0001', '2014-02-18 13:15:45', 'SCADMIN0001', '2014-02-18 13:15:45'),
('SC_C_0013', 'Chimanbhai', '', 'Gohil', 'Kiritbhai Gohil', NULL, NULL, '689', 'SC_SO_0001', '1970-01-01', NULL, 'no-image.png', 1, 'SC_SB_0013', NULL, 'SCADMIN0001', '2014-02-18 13:15:45', 'SCADMIN0001', '2014-02-18 13:15:45'),
('SC_C_0014', 'Dharamrajsinh', '', 'Parmar', 'Sandip', NULL, NULL, '691', 'SC_SO_0001', '1970-01-01', NULL, 'no-image.png', 1, 'SC_SB_0014', NULL, 'SCADMIN0001', '2014-02-18 13:15:45', 'SCADMIN0001', '2014-02-18 13:15:45'),
('SC_C_0015', 'Minaben', 'M', 'Bhatt', NULL, NULL, NULL, '693', 'SC_SO_0001', '1970-01-01', '9376277233', 'no-image.png', 1, 'SC_SB_0015', NULL, 'SCADMIN0001', '2014-02-18 13:15:45', 'SCADMIN0001', '2014-02-18 13:15:45'),
('SC_C_0016', 'Jigneshbhai', 'B', 'Patel', NULL, NULL, NULL, '694', 'SC_SO_0001', '1970-01-01', NULL, 'no-image.png', 1, 'SC_SB_0016', NULL, 'SCADMIN0001', '2014-02-18 13:15:45', 'SCADMIN0001', '2014-02-18 13:15:45'),
('SC_C_0017', 'Dineshbhai', 'A', 'Mochi', NULL, NULL, NULL, '697', 'SC_SO_0001', '1970-01-01', '9879428011', 'no-image.png', 1, 'SC_SB_0017', NULL, 'SCADMIN0001', '2014-02-18 13:15:45', 'SCADMIN0001', '2014-02-18 13:15:45'),
('SC_C_0018', 'Natverbhai', 'T', 'Vasava', NULL, NULL, NULL, '699', 'SC_SO_0001', '1970-01-01', '9638408308', 'no-image.png', 1, 'SC_SB_0018', NULL, 'SCADMIN0001', '2014-02-18 13:15:45', 'SCADMIN0001', '2014-02-18 13:15:45'),
('SC_C_0019', 'Tapanbhai', '', 'Patel', NULL, NULL, NULL, '701', 'SC_SO_0001', '2002-05-14', NULL, 'no-image.png', 1, 'SC_SB_0019', NULL, 'SCADMIN0001', '2014-02-18 13:15:45', 'SCADMIN0001', '2014-02-18 13:15:45'),
('SC_C_0020', 'Ramnikbhai', '', 'Wagela', 'Naranbhai  vagehla', NULL, NULL, '703', 'SC_SO_0001', '1970-01-01', '9825438293', 'no-image.png', 1, 'SC_SB_0020', NULL, 'SCADMIN0001', '2014-02-18 13:15:46', 'SCADMIN0001', '2014-02-18 13:15:46'),
('SC_C_0021', 'Manubhai', 'C', 'Chauhan', NULL, NULL, NULL, '704', 'SC_SO_0001', '1970-01-01', NULL, 'no-image.png', 1, 'SC_SB_0021', NULL, 'SCADMIN0001', '2014-02-18 13:15:46', 'SCADMIN0001', '2014-02-18 13:15:46'),
('SC_C_0022', 'Latieshbhai', 'J', 'Patel', NULL, NULL, NULL, '706', 'SC_SO_0001', '1970-01-01', NULL, 'no-image.png', 1, 'SC_SB_0022', NULL, 'SCADMIN0001', '2014-02-18 13:15:46', 'SCADMIN0001', '2014-02-18 13:15:46'),
('SC_C_0023', 'Minaben', '', 'Desai', NULL, NULL, NULL, '710', 'SC_SO_0001', '1970-01-01', '7383007742', 'no-image.png', 1, 'SC_SB_0023', NULL, 'SCADMIN0001', '2014-02-18 13:15:46', 'SCADMIN0001', '2014-02-18 13:15:46'),
('SC_C_0024', 'Kantibhai', 'P', 'Harijan', 'KANKBHAI Hariajn', NULL, NULL, '714', 'SC_SO_0001', '1970-01-01', '9725404210', 'no-image.png', 1, 'SC_SB_0024', NULL, 'SCADMIN0001', '2014-02-18 13:15:46', 'SCADMIN0001', '2014-02-18 13:15:46'),
('SC_C_0025', 'Mukeshbhai', '', 'Thakor', NULL, NULL, NULL, '718', 'SC_SO_0001', '1970-01-01', '8140808363', 'no-image.png', 1, 'SC_SB_0025', NULL, 'SCADMIN0001', '2014-02-18 13:15:46', 'SCADMIN0001', '2014-02-18 13:15:46'),
('SC_C_0026', 'Vinodbhai', 'H', 'Vasava', NULL, NULL, NULL, '723', 'SC_SO_0001', '1970-01-01', NULL, 'no-image.png', 1, 'SC_SB_0026', NULL, 'SCADMIN0001', '2014-02-18 13:15:46', 'SCADMIN0001', '2014-02-18 13:15:46'),
('SC_C_0027', 'Jagubhai', 'N', 'Rathva', NULL, NULL, NULL, '724', 'SC_SO_0001', '1970-01-01', '8758760044', 'no-image.png', 1, 'SC_SB_0027', NULL, 'SCADMIN0001', '2014-02-18 13:15:46', 'SCADMIN0001', '2014-02-18 13:15:46'),
('SC_C_0028', 'Hiteshbhai', 'M', 'Makawana', NULL, NULL, NULL, '726', 'SC_SO_0001', '1970-01-01', '9099921018', 'no-image.png', 1, 'SC_SB_0028', NULL, 'SCADMIN0001', '2014-02-18 13:15:46', 'SCADMIN0001', '2014-02-18 13:15:46'),
('SC_C_0029', 'Kiranbhai', 'S', 'Patel', NULL, NULL, NULL, '727', 'SC_SO_0001', '1970-01-01', '9925399955', 'no-image.png', 1, 'SC_SB_0029', NULL, 'SCADMIN0001', '2014-02-18 13:15:46', 'SCADMIN0001', '2014-02-18 13:15:46'),
('SC_C_0030', 'Lalobhai', 'S', 'Patel', 'Shankarbhai Patel', NULL, NULL, '727', 'SC_SO_0001', '1970-01-01', '9879142677', 'no-image.png', 1, 'SC_SB_0030', NULL, 'SCADMIN0001', '2014-02-18 13:15:46', 'SCADMIN0001', '2014-02-18 13:15:46'),
('SC_C_0031', 'Prasotambhai', '', 'Pawar', 'Soyabbhai Rana', NULL, NULL, '728', 'SC_SO_0001', '1970-01-01', '9974122333', 'no-image.png', 1, 'SC_SB_0031', NULL, 'SCADMIN0001', '2014-02-18 13:15:47', 'SCADMIN0001', '2014-02-18 13:15:47'),
('SC_C_0032', 'Bharatbhai', 'R', 'Parek', 'Chandubhai Rana', NULL, NULL, '728', 'SC_SO_0001', '1970-01-01', '9974122333', 'no-image.png', 1, 'SC_SB_0032', NULL, 'SCADMIN0001', '2014-02-18 13:15:47', 'SCADMIN0001', '2014-02-18 13:15:47'),
('SC_C_0033', 'Rajubhai', 'M', 'Darji', 'Hirenbhai Patel', NULL, NULL, '729', 'SC_SO_0001', '1970-01-01', NULL, 'no-image.png', 1, 'SC_SB_0033', NULL, 'SCADMIN0001', '2014-02-18 13:15:47', 'SCADMIN0001', '2014-02-18 13:15:47'),
('SC_C_0034', 'Darbar', '', 'Temp', 'Vaishaliben Thakur', NULL, NULL, '735', 'SC_SO_0001', '1970-01-01', NULL, 'no-image.png', 1, 'SC_SB_0034', NULL, 'SCADMIN0001', '2014-02-18 13:15:47', 'SCADMIN0001', '2014-02-18 13:15:47'),
('SC_C_0035', 'Babubhai', 'G', 'Wadar', NULL, NULL, NULL, '737', 'SC_SO_0001', '1970-01-01', '9376576763', 'no-image.png', 1, 'SC_SB_0035', NULL, 'SCADMIN0001', '2014-02-18 13:15:47', 'SCADMIN0001', '2014-02-18 13:15:47'),
('SC_C_0036', 'Maganbhai', 'K', 'Parmar', NULL, NULL, NULL, '738', 'SC_SO_0001', '1970-01-01', NULL, 'no-image.png', 1, 'SC_SB_0036', NULL, 'SCADMIN0001', '2014-02-18 13:15:47', 'SCADMIN0001', '2014-02-18 13:15:47'),
('SC_C_0037', 'Buntybhai', 'S', 'Kadam (top)', NULL, NULL, NULL, '740', 'SC_SO_0001', '1970-01-01', '9824716465', 'no-image.png', 1, 'SC_SB_0037', NULL, 'SCADMIN0001', '2014-02-18 13:15:47', 'SCADMIN0001', '2014-02-18 13:15:47'),
('SC_C_0038', 'Sureshbhai', 'V', 'Kadam (down)', NULL, NULL, NULL, '740', 'SC_SO_0001', '1970-01-01', '9725075444', 'no-image.png', 1, 'SC_SB_0038', NULL, 'SCADMIN0001', '2014-02-18 13:15:47', 'SCADMIN0001', '2014-02-18 13:15:47'),
('SC_C_0039', 'Rajeshbhai', '', 'Nayar', NULL, NULL, NULL, '740', 'SC_SO_0001', '1970-01-01', '0973712202', 'no-image.png', 1, 'SC_SB_0039', NULL, 'SCADMIN0001', '2014-02-18 13:15:47', 'SCADMIN0001', '2014-02-18 13:15:47'),
('SC_C_0040', 'Kamleshbhai', 'B', 'Parmar', NULL, NULL, NULL, '741', 'SC_SO_0001', '1970-01-01', '9724789765', 'no-image.png', 1, 'SC_SB_0040', NULL, 'SCADMIN0001', '2014-02-18 13:15:47', 'SCADMIN0001', '2014-02-18 13:15:47'),
('SC_C_0041', 'Pankajkumar', 'N', 'Pagare', NULL, NULL, NULL, '745', 'SC_SO_0001', '1970-01-01', '8401059577', 'no-image.png', 1, 'SC_SB_0041', NULL, 'SCADMIN0001', '2014-02-18 13:15:47', 'SCADMIN0001', '2014-02-18 13:15:47'),
('SC_C_0042', 'Sampatbhai', '', 'Bariya', NULL, NULL, NULL, '747', 'SC_SO_0001', '1970-01-01', '9925796935', 'no-image.png', 1, 'SC_SB_0042', NULL, 'SCADMIN0001', '2014-02-18 13:15:47', 'SCADMIN0001', '2014-02-18 13:15:47'),
('SC_C_0043', 'Manishbhai', 'B', 'Chaudary', NULL, NULL, NULL, '752', 'SC_SO_0001', '1970-01-01', '9722226402', 'no-image.png', 1, 'SC_SB_0043', NULL, 'SCADMIN0001', '2014-02-18 13:15:48', 'SCADMIN0001', '2014-02-18 13:15:48'),
('SC_C_0044', 'Sandipbhai', 'P', 'Solanki', NULL, NULL, NULL, '753', 'SC_SO_0001', '1970-01-01', '9724805722', 'no-image.png', 1, 'SC_SB_0044', NULL, 'SCADMIN0001', '2014-02-18 13:15:48', 'SCADMIN0001', '2014-02-18 13:15:48'),
('SC_C_0045', 'Niravbhai', 'P', 'Pithdiya (top)', NULL, NULL, NULL, '754', 'SC_SO_0001', '1970-01-01', '9974839636', 'no-image.png', 1, 'SC_SB_0045', NULL, 'SCADMIN0001', '2014-02-18 13:15:48', 'SCADMIN0001', '2014-02-18 13:15:48'),
('SC_C_0046', 'Niravbhai', 'P', 'Pithdiya (down)', NULL, NULL, NULL, '754', 'SC_SO_0001', '1970-01-01', '9974839636', 'no-image.png', 1, 'SC_SB_0046', NULL, 'SCADMIN0001', '2014-02-18 13:15:48', 'SCADMIN0001', '2014-02-18 13:15:48'),
('SC_C_0047', 'Harishbhai', 'M', 'Ambavada', NULL, NULL, NULL, '755', 'SC_SO_0001', '1970-01-01', '9898299149', 'no-image.png', 1, 'SC_SB_0047', NULL, 'SCADMIN0001', '2014-02-18 13:15:48', 'SCADMIN0001', '2014-02-18 13:15:48'),
('SC_C_0048', 'Ashwinbhai', 'B', 'Parmar', NULL, NULL, NULL, '757', 'SC_SO_0001', '1970-01-01', '9737044990', 'no-image.png', 1, 'SC_SB_0048', NULL, 'SCADMIN0001', '2014-02-18 13:15:48', 'SCADMIN0001', '2014-02-18 13:15:48'),
('SC_C_0049', 'Vishalbhai', 'A', 'Panchal', NULL, NULL, NULL, '758', 'SC_SO_0001', '1970-01-01', NULL, 'no-image.png', 1, 'SC_SB_0049', NULL, 'SCADMIN0001', '2014-02-18 13:15:48', 'SCADMIN0001', '2014-02-18 13:15:48'),
('SC_C_0050', 'Maheshbhai', '', 'Kadiya', NULL, NULL, NULL, '763', 'SC_SO_0001', '1970-01-01', NULL, 'no-image.png', 1, 'SC_SB_0050', NULL, 'SCADMIN0001', '2014-02-18 13:15:48', 'SCADMIN0001', '2014-02-18 13:15:48'),
('SC_C_0051', 'Krinalbhai', 'S', 'Solanki', NULL, NULL, NULL, '766', 'SC_SO_0001', '1970-01-01', NULL, 'no-image.png', 1, 'SC_SB_0051', NULL, 'SCADMIN0001', '2014-02-18 13:15:48', 'SCADMIN0001', '2014-02-18 13:15:48'),
('SC_C_0052', 'Pareshbhai', 'V', 'Sureliya', NULL, NULL, NULL, '767', 'SC_SO_0001', '1970-01-01', NULL, 'no-image.png', 1, 'SC_SB_0052', NULL, 'SCADMIN0001', '2014-02-18 13:15:48', 'SCADMIN0001', '2014-02-18 13:15:48'),
('SC_C_0053', 'Pirjibhai', '', 'Rajpurohit', NULL, NULL, NULL, '768', 'SC_SO_0001', '1970-01-01', '9427034295', 'no-image.png', 1, 'SC_SB_0053', NULL, 'SCADMIN0001', '2014-02-18 13:15:48', 'SCADMIN0001', '2014-02-18 13:15:48'),
('SC_C_0054', 'Soyabbhai', 'C', 'Rana', NULL, NULL, NULL, '770', 'SC_SO_0001', '1970-01-01', '9601516399', 'no-image.png', 1, 'SC_SB_0054', NULL, 'SCADMIN0001', '2014-02-18 13:15:48', 'SCADMIN0001', '2014-02-18 13:15:48'),
('SC_C_0055', 'Soyabbhai', 'C', 'Rana', 'Bela R Mahida', NULL, NULL, '770', 'SC_SO_0001', '1970-01-01', '9601516399', 'no-image.png', 1, 'SC_SB_0055', NULL, 'SCADMIN0001', '2014-02-18 13:15:49', 'SCADMIN0001', '2014-02-18 13:15:49'),
('SC_C_0056', 'Chandubhai', 'C', 'Rana', NULL, NULL, NULL, '770', 'SC_SO_0001', '1970-01-01', '9974122333', 'no-image.png', 1, 'SC_SB_0056', NULL, 'SCADMIN0001', '2014-02-18 13:15:49', 'SCADMIN0001', '2014-02-18 13:15:49'),
('SC_C_0057', 'Sunilbhai', '', 'Bariya', NULL, NULL, NULL, '771', 'SC_SO_0001', '1970-01-01', NULL, 'no-image.png', 1, 'SC_SB_0057', NULL, 'SCADMIN0001', '2014-02-18 13:15:49', 'SCADMIN0001', '2014-02-18 13:15:49'),
('SC_C_0058', 'Rakeshbhai', '', 'Dabhi', NULL, NULL, NULL, '772', 'SC_SO_0001', '1970-01-01', NULL, 'no-image.png', 1, 'SC_SB_0058', NULL, 'SCADMIN0001', '2014-02-18 13:15:49', 'SCADMIN0001', '2014-02-18 13:15:49'),
('SC_C_0059', 'Jatinbhai', 'J', 'Patel (top)', NULL, NULL, NULL, '773', 'SC_SO_0001', '1970-01-01', NULL, 'no-image.png', 1, 'SC_SB_0059', NULL, 'SCADMIN0001', '2014-02-18 13:15:49', 'SCADMIN0001', '2014-02-18 13:15:49'),
('SC_C_0060', 'Jatinbhai', 'J', 'Patel (down)', NULL, NULL, NULL, '773', 'SC_SO_0001', '1970-01-01', NULL, 'no-image.png', 1, 'SC_SB_0060', NULL, 'SCADMIN0001', '2014-02-18 13:15:49', 'SCADMIN0001', '2014-02-18 13:15:49'),
('SC_C_0061', 'Chiragbhai', 'M', 'Patel', NULL, NULL, NULL, '774', 'SC_SO_0001', '1970-01-01', NULL, 'no-image.png', 1, 'SC_SB_0061', NULL, 'SCADMIN0001', '2014-02-18 13:15:49', 'SCADMIN0001', '2014-02-18 13:15:49'),
('SC_C_0062', 'Jayesh', '', 'Parmar', NULL, NULL, NULL, '776', 'SC_SO_0001', '1970-01-01', NULL, 'no-image.png', 1, 'SC_SB_0062', NULL, 'SCADMIN0001', '2014-02-18 13:15:49', 'SCADMIN0001', '2014-02-18 13:15:49'),
('SC_C_0063', 'Rekhaben', 'J', 'Thanki', NULL, NULL, NULL, '777', 'SC_SO_0001', '1970-01-01', NULL, 'no-image.png', 1, 'SC_SB_0063', NULL, 'SCADMIN0001', '2014-02-18 13:15:49', 'SCADMIN0001', '2014-02-18 13:15:49'),
('SC_C_0064', 'Rajubhai', 'R', 'Solanki', NULL, NULL, NULL, '778', 'SC_SO_0001', '1970-01-01', NULL, 'no-image.png', 1, 'SC_SB_0064', NULL, 'SCADMIN0001', '2014-02-18 13:15:49', 'SCADMIN0001', '2014-02-18 13:15:49'),
('SC_C_0065', 'Arvindbhai', '', 'Patel', NULL, NULL, NULL, '779', 'SC_SO_0001', '1970-01-01', '9904477813', 'no-image.png', 1, 'SC_SB_0065', NULL, 'SCADMIN0001', '2014-02-18 13:15:49', 'SCADMIN0001', '2014-02-18 13:15:49'),
('SC_C_0066', 'Rajandrabhai', 'R', 'Janwa', 'Raju Tailly', NULL, NULL, '783', 'SC_SO_0001', '1970-01-01', '9727221916', 'no-image.png', 1, 'SC_SB_0066', NULL, 'SCADMIN0001', '2014-02-18 13:15:50', 'SCADMIN0001', '2014-02-18 13:15:50'),
('SC_C_0067', 'Ashokbhai', '', 'Patel', 'ARVINDBHAI L. Patel (779 SK)', NULL, NULL, '783', 'SC_SO_0001', '1970-01-01', '9904477813', 'no-image.png', 1, 'SC_SB_0067', NULL, 'SCADMIN0001', '2014-02-18 13:15:50', 'SCADMIN0001', '2014-02-18 13:15:50'),
('SC_C_0068', 'Surandrasing', 'N', 'Gohil', NULL, NULL, NULL, '789', 'SC_SO_0001', '1970-01-01', NULL, 'no-image.png', 1, 'SC_SB_0068', NULL, 'SCADMIN0001', '2014-02-18 13:15:50', 'SCADMIN0001', '2014-02-18 13:15:50'),
('SC_C_0069', 'Mithleshbhai', 'R', 'Chaudary', NULL, NULL, NULL, '793', 'SC_SO_0001', '1970-01-01', '8734917495', 'no-image.png', 1, 'SC_SB_0069', NULL, 'SCADMIN0001', '2014-02-18 13:15:50', 'SCADMIN0001', '2014-02-18 13:15:50'),
('SC_C_0070', 'Taraben', 'S', 'Sakpal', NULL, NULL, NULL, '795', 'SC_SO_0001', '1970-01-01', NULL, 'no-image.png', 1, 'SC_SB_0070', NULL, 'SCADMIN0001', '2014-02-18 13:15:50', 'SCADMIN0001', '2014-02-18 13:15:50'),
('SC_C_0071', 'Rawal', '', 'Bhaduwat', 'NAYANKUMAR K. Desai (939 KD)', NULL, NULL, '798', 'SC_SO_0001', '1970-01-01', '9924089397', 'no-image.png', 1, 'SC_SB_0071', NULL, 'SCADMIN0001', '2014-02-18 13:15:50', 'SCADMIN0001', '2014-02-18 13:15:50'),
('SC_C_0072', 'Kalieshbhai', '', 'Tailly (top)', NULL, NULL, NULL, '801', 'SC_SO_0001', '1970-01-01', '8866475340', 'no-image.png', 1, 'SC_SB_0072', NULL, 'SCADMIN0001', '2014-02-18 13:15:50', 'SCADMIN0001', '2014-02-18 13:15:50'),
('SC_C_0073', 'Kalieshbhai', '', 'Tailly (down)', NULL, NULL, NULL, '801', 'SC_SO_0001', '1970-01-01', '8866475340', 'no-image.png', 1, 'SC_SB_0073', NULL, 'SCADMIN0001', '2014-02-18 13:15:50', 'SCADMIN0001', '2014-02-18 13:15:50'),
('SC_C_0074', 'Ashwinbhai', '', 'Parmar (father)', NULL, NULL, NULL, '803', 'SC_SO_0001', '1970-01-01', '9426033466', 'no-image.png', 1, 'SC_SB_0074', NULL, 'SCADMIN0001', '2014-02-18 13:15:50', 'SCADMIN0001', '2014-02-18 13:15:50'),
('SC_C_0075', 'Pursotambhai', 'G', 'Panchal', NULL, NULL, NULL, '804', 'SC_SO_0002', '1970-01-01', '9898029525', 'no-image.png', 1, 'SC_SB_0075', NULL, 'SCADMIN0001', '2014-02-18 13:15:50', 'SCADMIN0001', '2014-02-18 13:15:50'),
('SC_C_0076', 'Krishnabhai', '', 'Agarwal', NULL, NULL, NULL, '805', 'SC_SO_0002', '1970-01-01', '9825752835', 'no-image.png', 1, 'SC_SB_0076', NULL, 'SCADMIN0001', '2014-02-18 13:15:50', 'SCADMIN0001', '2014-02-18 13:15:50'),
('SC_C_0077', 'Jayashri', 'P', 'Rajput (top)', NULL, NULL, NULL, '807', 'SC_SO_0002', '1970-01-01', '9687156132', 'no-image.png', 1, 'SC_SB_0077', NULL, 'SCADMIN0001', '2014-02-18 13:15:50', 'SCADMIN0001', '2014-02-18 13:15:50'),
('SC_C_0078', 'Jayashri', 'P', 'Rajput (down)', NULL, NULL, NULL, '807', 'SC_SO_0002', '1970-01-01', '9687156132', 'no-image.png', 1, 'SC_SB_0078', NULL, 'SCADMIN0001', '2014-02-18 13:15:51', 'SCADMIN0001', '2014-02-18 13:15:51'),
('SC_C_0079', 'Pandurang', 'G', 'Sankpal', NULL, NULL, NULL, '809', 'SC_SO_0002', '2001-01-14', NULL, 'no-image.png', 1, 'SC_SB_0079', NULL, 'SCADMIN0001', '2014-02-18 13:15:51', 'SCADMIN0001', '2014-02-18 13:15:51'),
('SC_C_0080', 'Narendra', 'T', 'Bariya', NULL, NULL, NULL, '810', 'SC_SO_0002', '1970-01-01', '9904704583', 'no-image.png', 1, 'SC_SB_0080', NULL, 'SCADMIN0001', '2014-02-18 13:15:51', 'SCADMIN0001', '2014-02-18 13:15:51'),
('SC_C_0081', 'Amitbhai', 'M', 'Darji', NULL, NULL, NULL, '816', 'SC_SO_0002', '1970-01-01', '9638560997', 'no-image.png', 1, 'SC_SB_0081', NULL, 'SCADMIN0001', '2014-02-18 13:15:51', 'SCADMIN0001', '2014-02-18 13:15:51'),
('SC_C_0082', 'Jasbhai', '', 'Parmar', NULL, NULL, NULL, '818', 'SC_SO_0002', '1970-01-01', '9998984436', 'no-image.png', 1, 'SC_SB_0082', NULL, 'SCADMIN0001', '2014-02-18 13:15:51', 'SCADMIN0001', '2014-02-18 13:15:51'),
('SC_C_0083', 'Rajubhai', 'B', 'Kamle', NULL, NULL, NULL, '819', 'SC_SO_0002', '1970-01-01', '9974568941', 'no-image.png', 1, 'SC_SB_0083', NULL, 'SCADMIN0001', '2014-02-18 13:15:51', 'SCADMIN0001', '2014-02-18 13:15:51'),
('SC_C_0084', 'Natubhai', '', 'Parmar', NULL, NULL, NULL, '822', 'SC_SO_0002', '1970-01-01', NULL, 'no-image.png', 1, 'SC_SB_0084', NULL, 'SCADMIN0001', '2014-02-18 13:15:51', 'SCADMIN0001', '2014-02-18 13:15:51'),
('SC_C_0085', 'Ganeshpal', '', 'Sinh', NULL, NULL, NULL, '826', 'SC_SO_0002', '1970-01-01', '9173694299', 'no-image.png', 1, 'SC_SB_0085', NULL, 'SCADMIN0001', '2014-02-18 13:15:51', 'SCADMIN0001', '2014-02-18 13:15:51'),
('SC_C_0086', 'Dineshbhai', '', 'Bariya', 'DENIAL D Makwana (828 CL)', NULL, NULL, '826', 'SC_SO_0002', '1970-01-01', NULL, 'no-image.png', 1, 'SC_SB_0086', NULL, 'SCADMIN0001', '2014-02-18 13:15:51', 'SCADMIN0001', '2014-02-18 13:15:51'),
('SC_C_0087', 'Danielbhai', 'D', 'Makwana', NULL, NULL, NULL, '828', 'SC_SO_0002', '1970-01-01', NULL, 'no-image.png', 1, 'SC_SB_0087', NULL, 'SCADMIN0001', '2014-02-18 13:15:51', 'SCADMIN0001', '2014-02-18 13:15:51'),
('SC_C_0088', 'Marubhai', 'T', 'Ranchod (top)', NULL, NULL, NULL, '834', 'SC_SO_0002', '1970-01-01', '9638771356', 'no-image.png', 1, 'SC_SB_0088', NULL, 'SCADMIN0001', '2014-02-18 13:15:51', 'SCADMIN0001', '2014-02-18 13:15:51'),
('SC_C_0089', 'Marubhai', 'T', 'Ranchod (down)', NULL, NULL, NULL, '834', 'SC_SO_0002', '1970-01-01', '9638771356', 'no-image.png', 1, 'SC_SB_0089', NULL, 'SCADMIN0001', '2014-02-18 13:15:51', 'SCADMIN0001', '2014-02-18 13:15:51'),
('SC_C_0090', 'Hirenbhai', '', 'Patel', NULL, NULL, NULL, '836', 'SC_SO_0002', '1970-01-01', '9898242707', 'no-image.png', 1, 'SC_SB_0090', NULL, 'SCADMIN0001', '2014-02-18 13:15:51', 'SCADMIN0001', '2014-02-18 13:15:51'),
('SC_C_0091', 'Rajubhai', 'B', 'Parekh', NULL, NULL, NULL, '839', 'SC_SO_0002', '1970-01-01', '9974920028', 'no-image.png', 1, 'SC_SB_0091', NULL, 'SCADMIN0001', '2014-02-18 13:15:52', 'SCADMIN0001', '2014-02-18 13:15:52'),
('SC_C_0092', 'Arivindbhai', 'P', 'Limbad', NULL, NULL, NULL, '841', 'SC_SO_0002', '1970-01-01', '9723611257', 'no-image.png', 1, 'SC_SB_0092', NULL, 'SCADMIN0001', '2014-02-18 13:15:52', 'SCADMIN0001', '2014-02-18 13:15:52'),
('SC_C_0093', 'Manubha', '', 'Chauhan', NULL, NULL, NULL, '847', 'SC_SO_0002', '1970-01-01', NULL, 'no-image.png', 1, 'SC_SB_0093', NULL, 'SCADMIN0001', '2014-02-18 13:15:52', 'SCADMIN0001', '2014-02-18 13:15:52'),
('SC_C_0094', 'Shankarbhai', 'B', 'Selekar', NULL, NULL, NULL, '848', 'SC_SO_0002', '1970-01-01', '9099122884', 'no-image.png', 1, 'SC_SB_0094', NULL, 'SCADMIN0001', '2014-02-18 13:15:52', 'SCADMIN0001', '2014-02-18 13:15:52'),
('SC_C_0095', 'Jagdieshbhai', 'C', 'Kanojiya', NULL, NULL, NULL, '851', 'SC_SO_0002', '1970-01-01', '9898511032', 'no-image.png', 1, 'SC_SB_0095', NULL, 'SCADMIN0001', '2014-02-18 13:15:52', 'SCADMIN0001', '2014-02-18 13:15:52'),
('SC_C_0096', 'Monaliben', '', 'Panchal', NULL, NULL, NULL, '853', 'SC_SO_0002', '1970-01-01', '9601814752', 'no-image.png', 1, 'SC_SB_0096', NULL, 'SCADMIN0001', '2014-02-18 13:15:52', 'SCADMIN0001', '2014-02-18 13:15:52'),
('SC_C_0097', 'Bhavatikbhai', 'D', 'Limbachiya', NULL, NULL, NULL, '854', 'SC_SO_0002', '1970-01-01', NULL, 'no-image.png', 1, 'SC_SB_0097', NULL, 'SCADMIN0001', '2014-02-18 13:15:52', 'SCADMIN0001', '2014-02-18 13:15:52'),
('SC_C_0098', 'Santanben', 'R', 'Rajput', NULL, NULL, NULL, '856', 'SC_SO_0002', '1970-01-01', NULL, 'no-image.png', 1, 'SC_SB_0098', NULL, 'SCADMIN0001', '2014-02-18 13:15:52', 'SCADMIN0001', '2014-02-18 13:15:52'),
('SC_C_0099', 'Daxaben', 'D', 'Panchal', NULL, NULL, NULL, '858', 'SC_SO_0002', '1970-01-01', '9974032350', 'no-image.png', 1, 'SC_SB_0099', NULL, 'SCADMIN0001', '2014-02-18 13:15:52', 'SCADMIN0001', '2014-02-18 13:15:52'),
('SC_C_0100', 'Madhukarbhai', 'J', 'Joshi', NULL, NULL, NULL, '859', 'SC_SO_0002', '1970-01-01', '9662054767', 'no-image.png', 1, 'SC_SB_0100', NULL, 'SCADMIN0001', '2014-02-18 13:15:52', 'SCADMIN0001', '2014-02-18 13:15:52'),
('SC_C_0101', 'Chetanbhai', 'J', 'Joshi', 'Chandubhai Rana (770 SK)', NULL, NULL, '859', 'SC_SO_0002', '1970-01-01', NULL, 'no-image.png', 1, 'SC_SB_0101', NULL, 'SCADMIN0001', '2014-02-18 13:15:52', 'SCADMIN0001', '2014-02-18 13:15:52'),
('SC_C_0102', 'Amitbhai', 'K', 'Valand', NULL, NULL, NULL, '868', 'SC_SO_0002', '1970-01-01', '9714724056', 'no-image.png', 1, 'SC_SB_0102', NULL, 'SCADMIN0001', '2014-02-18 13:15:52', 'SCADMIN0001', '2014-02-18 13:15:52'),
('SC_C_0103', 'Prakeshbhai', 'P', 'Parmar', NULL, NULL, NULL, '869', 'SC_SO_0002', '1970-01-01', NULL, 'no-image.png', 1, 'SC_SB_0103', NULL, 'SCADMIN0001', '2014-02-18 13:15:53', 'SCADMIN0001', '2014-02-18 13:15:53'),
('SC_C_0104', 'Hiteshbhai', 'J', 'Oza', NULL, NULL, NULL, '877', 'SC_SO_0002', '1970-01-01', '9924091001', 'no-image.png', 1, 'SC_SB_0104', NULL, 'SCADMIN0001', '2014-02-18 13:15:53', 'SCADMIN0001', '2014-02-18 13:15:53'),
('SC_C_0105', 'Kanubhai', 'R', 'Wagela', NULL, NULL, NULL, '884', 'SC_SO_0002', '1970-01-01', NULL, 'no-image.png', 1, 'SC_SB_0105', NULL, 'SCADMIN0001', '2014-02-18 13:15:53', 'SCADMIN0001', '2014-02-18 13:15:53'),
('SC_C_0106', 'Dipak', 'H', 'Vayas', NULL, NULL, NULL, '885', 'SC_SO_0002', '1970-01-01', '9428564190', 'no-image.png', 1, 'SC_SB_0106', NULL, 'SCADMIN0001', '2014-02-18 13:15:53', 'SCADMIN0001', '2014-02-18 13:15:53'),
('SC_C_0107', 'Rampraksh', 'B', 'Gupta', NULL, NULL, NULL, '890', 'SC_SO_0002', '1970-01-01', NULL, 'no-image.png', 1, 'SC_SB_0107', NULL, 'SCADMIN0001', '2014-02-18 13:15:53', 'SCADMIN0001', '2014-02-18 13:15:53'),
('SC_C_0108', 'Vijaybhai', 'M', 'Bradwad', NULL, NULL, NULL, '895', 'SC_SO_0002', '1970-01-01', NULL, 'no-image.png', 1, 'SC_SB_0108', NULL, 'SCADMIN0001', '2014-02-18 13:15:53', 'SCADMIN0001', '2014-02-18 13:15:53'),
('SC_C_0109', 'Kishorkumar', '', 'Bardwad', NULL, NULL, NULL, '896', 'SC_SO_0002', '1970-01-01', NULL, 'no-image.png', 1, 'SC_SB_0109', NULL, 'SCADMIN0001', '2014-02-18 13:15:53', 'SCADMIN0001', '2014-02-18 13:15:53'),
('SC_C_0110', 'Prashant', '', 'Darttar', NULL, NULL, NULL, '897', 'SC_SO_0002', '1970-01-01', NULL, 'no-image.png', 1, 'SC_SB_0110', NULL, 'SCADMIN0001', '2014-02-18 13:15:53', 'SCADMIN0001', '2014-02-18 13:15:53'),
('SC_C_0111', 'Prahalad', 'P', 'Chawada', NULL, NULL, NULL, '898', 'SC_SO_0002', '1970-01-01', '9979852921', 'no-image.png', 1, 'SC_SB_0111', NULL, 'SCADMIN0001', '2014-02-18 13:15:53', 'SCADMIN0001', '2014-02-18 13:15:53'),
('SC_C_0112', 'Laxmiben', 'G', 'Rawal', NULL, NULL, NULL, '899', 'SC_SO_0002', '1970-01-01', '9924221982', 'no-image.png', 1, 'SC_SB_0112', NULL, 'SCADMIN0001', '2014-02-18 13:15:53', 'SCADMIN0001', '2014-02-18 13:15:53'),
('SC_C_0113', 'Kaileshbhai', 'D', 'Wagmare', NULL, NULL, NULL, '900', 'SC_SO_0002', '1970-01-01', '7405488648', 'no-image.png', 1, 'SC_SB_0113', NULL, 'SCADMIN0001', '2014-02-18 13:15:53', 'SCADMIN0001', '2014-02-18 13:15:53'),
('SC_C_0114', 'Ganshyambhai', '', 'Yadav', NULL, NULL, NULL, '902', 'SC_SO_0002', '1970-01-01', '9409642556', 'no-image.png', 1, 'SC_SB_0114', NULL, 'SCADMIN0001', '2014-02-18 13:15:53', 'SCADMIN0001', '2014-02-18 13:15:53'),
('SC_C_0115', 'Kantibhai', 'V', 'Rana', NULL, NULL, NULL, '905', 'SC_SO_0002', '1970-01-01', '9033639064', 'no-image.png', 1, 'SC_SB_0115', NULL, 'SCADMIN0001', '2014-02-18 13:15:53', 'SCADMIN0001', '2014-02-18 13:15:53'),
('SC_C_0116', 'Hasmukhbhai', 'D', 'Vakani', NULL, NULL, NULL, '915', 'SC_SO_0002', '1970-01-01', '9712846318', 'no-image.png', 1, 'SC_SB_0116', NULL, 'SCADMIN0001', '2014-02-18 13:15:54', 'SCADMIN0001', '2014-02-18 13:15:54'),
('SC_C_0117', 'Dhruvbhai', '', 'Parmar', NULL, NULL, NULL, '913', 'SC_SO_0002', '1970-01-01', '8866945384', 'no-image.png', 1, 'SC_SB_0117', NULL, 'SCADMIN0001', '2014-02-18 13:15:54', 'SCADMIN0001', '2014-02-18 13:15:54'),
('SC_C_0118', 'Gopalbhai', 'N', 'Parmar', NULL, NULL, NULL, '911', 'SC_SO_0002', '1970-01-01', NULL, 'no-image.png', 1, 'SC_SB_0118', NULL, 'SCADMIN0001', '2014-02-18 13:15:54', 'SCADMIN0001', '2014-02-18 13:15:54'),
('SC_C_0119', 'Rajubhai', 'J', 'Mesta', NULL, NULL, NULL, '910', 'SC_SO_0002', '1970-01-01', '9998974577', 'no-image.png', 1, 'SC_SB_0119', NULL, 'SCADMIN0001', '2014-02-18 13:15:54', 'SCADMIN0001', '2014-02-18 13:15:54'),
('SC_C_0120', 'Vinodbhai', '', 'Yadav', NULL, NULL, NULL, '101', 'SC_SO_0002', '1970-01-01', '9979118045', 'no-image.png', 1, 'SC_SB_0120', NULL, 'SCADMIN0001', '2014-02-18 13:15:54', 'SCADMIN0001', '2014-02-18 13:15:54'),
('SC_C_0121', 'Jitendrabhai', '', 'Yadav', NULL, NULL, NULL, '102', 'SC_SO_0002', '1970-01-01', '9662818828', 'no-image.png', 1, 'SC_SB_0121', NULL, 'SCADMIN0001', '2014-02-18 13:15:54', 'SCADMIN0001', '2014-02-18 13:15:54'),
('SC_C_0122', 'Lalobhai', '', 'Parmar', NULL, NULL, NULL, '103', 'SC_SO_0002', '1970-01-01', NULL, 'no-image.png', 1, 'SC_SB_0122', NULL, 'SCADMIN0001', '2014-02-18 13:15:54', 'SCADMIN0001', '2014-02-18 13:15:54'),
('SC_C_0123', 'Dineshkumar', 'K', 'Shah', NULL, NULL, NULL, '917', 'SC_SO_0003', '1970-01-01', NULL, 'no-image.png', 1, 'SC_SB_0123', NULL, 'SCADMIN0001', '2014-02-18 13:15:54', 'SCADMIN0001', '2014-02-18 13:15:54'),
('SC_C_0124', 'Raviendra', 'L', 'Desai', NULL, NULL, NULL, '918', 'SC_SO_0003', '1970-01-01', NULL, 'no-image.png', 1, 'SC_SB_0124', NULL, 'SCADMIN0001', '2014-02-18 13:15:55', 'SCADMIN0001', '2014-02-18 13:15:55'),
('SC_C_0125', 'Swapnil', 'N', 'Pandav', NULL, NULL, NULL, '918', 'SC_SO_0003', '1970-01-01', NULL, 'no-image.png', 1, 'SC_SB_0125', NULL, 'SCADMIN0001', '2014-02-18 13:15:55', 'SCADMIN0001', '2014-02-18 13:15:55'),
('SC_C_0126', 'Rekhasing', 'N', 'Thakur', NULL, NULL, NULL, '922', 'SC_SO_0003', '1970-01-01', '9408349988', 'no-image.png', 1, 'SC_SB_0126', NULL, 'SCADMIN0001', '2014-02-18 13:15:55', 'SCADMIN0001', '2014-02-18 13:15:55'),
('SC_C_0127', 'Dipakbhai', 'S', 'Pankhaniya', 'Varshaben Bhradawa', NULL, NULL, '924', 'SC_SO_0003', '1970-01-01', '41372', 'no-image.png', 1, 'SC_SB_0127', NULL, 'SCADMIN0001', '2014-02-18 13:15:55', 'SCADMIN0001', '2014-02-18 13:15:55'),
('SC_C_0128', 'Sankarkumar', 'P', 'Tailly', NULL, NULL, NULL, '927', 'SC_SO_0003', '1970-01-01', NULL, 'no-image.png', 1, 'SC_SB_0128', NULL, 'SCADMIN0001', '2014-02-18 13:15:55', 'SCADMIN0001', '2014-02-18 13:15:55'),
('SC_C_0129', 'Mukeshbhai', 'M', 'Kotesthna', NULL, NULL, NULL, '928', 'SC_SO_0003', '1970-01-01', '8128530114', 'no-image.png', 1, 'SC_SB_0129', NULL, 'SCADMIN0001', '2014-02-18 13:15:55', 'SCADMIN0001', '2014-02-18 13:15:55'),
('SC_C_0130', 'Laljibhai', '', 'Bhardwa (down)', NULL, NULL, NULL, '933', 'SC_SO_0003', '1970-01-01', '9879064431', 'no-image.png', 1, 'SC_SB_0130', NULL, 'SCADMIN0001', '2014-02-18 13:15:55', 'SCADMIN0001', '2014-02-18 13:15:55'),
('SC_C_0131', 'Laljibhai', '', 'Bhardwa (middle)', NULL, NULL, NULL, '933', 'SC_SO_0003', '1970-01-01', '9879064431', 'no-image.png', 1, 'SC_SB_0131', NULL, 'SCADMIN0001', '2014-02-18 13:15:55', 'SCADMIN0001', '2014-02-18 13:15:55'),
('SC_C_0132', 'Laljibhai', '', 'Bhardwa (top)', NULL, NULL, NULL, '933', 'SC_SO_0003', '1970-01-01', '9879064431', 'no-image.png', 1, 'SC_SB_0132', NULL, 'SCADMIN0001', '2014-02-18 13:15:55', 'SCADMIN0001', '2014-02-18 13:15:55'),
('SC_C_0133', 'Niravbhai', 'H', 'Fataniya', NULL, NULL, NULL, '934', 'SC_SO_0003', '1970-01-01', NULL, 'no-image.png', 1, 'SC_SB_0133', NULL, 'SCADMIN0001', '2014-02-18 13:15:55', 'SCADMIN0001', '2014-02-18 13:15:55'),
('SC_C_0134', 'Hiteshbhai', 'K', 'Patel', NULL, NULL, NULL, '938', 'SC_SO_0003', '1970-01-01', '9099028213', 'no-image.png', 1, 'SC_SB_0134', NULL, 'SCADMIN0001', '2014-02-18 13:15:56', 'SCADMIN0001', '2014-02-18 13:15:56'),
('SC_C_0135', 'Hiteshbhai', 'K', 'Goyal', NULL, NULL, NULL, '938', 'SC_SO_0003', '1970-01-01', NULL, 'no-image.png', 1, 'SC_SB_0135', NULL, 'SCADMIN0001', '2014-02-18 13:15:56', 'SCADMIN0001', '2014-02-18 13:15:56'),
('SC_C_0136', 'Mayurbhai', 'N', 'Hire', NULL, NULL, NULL, '940', 'SC_SO_0003', '1970-01-01', NULL, 'no-image.png', 1, 'SC_SB_0136', NULL, 'SCADMIN0001', '2014-02-18 13:15:56', 'SCADMIN0001', '2014-02-18 13:15:56'),
('SC_C_0137', 'Jagdishbhai', 'R', 'Solanki', NULL, NULL, NULL, '942', 'SC_SO_0003', '1970-01-01', NULL, 'no-image.png', 1, 'SC_SB_0137', NULL, 'SCADMIN0001', '2014-02-18 13:15:56', 'SCADMIN0001', '2014-02-18 13:15:56'),
('SC_C_0138', 'Ramanbhai', 'M', 'Solanki', 'Mohansinh Solanki', NULL, NULL, '942', 'SC_SO_0003', '1970-01-01', '9825451244', 'no-image.png', 1, 'SC_SB_0138', NULL, 'SCADMIN0001', '2014-02-18 13:15:56', 'SCADMIN0001', '2014-02-18 13:15:56'),
('SC_C_0139', 'Chotubhai', 'R', 'Suthar', NULL, NULL, NULL, '944', 'SC_SO_0003', '1970-01-01', NULL, 'no-image.png', 1, 'SC_SB_0139', NULL, 'SCADMIN0001', '2014-02-18 13:15:56', 'SCADMIN0001', '2014-02-18 13:15:56'),
('SC_C_0140', 'Jagdishbhai', 'H', 'Bariya', NULL, NULL, NULL, '946', 'SC_SO_0003', '1970-01-01', '9737366476', 'no-image.png', 1, 'SC_SB_0140', NULL, 'SCADMIN0001', '2014-02-18 13:15:56', 'SCADMIN0001', '2014-02-18 13:15:56'),
('SC_C_0141', 'Girisihbhai', '', 'Parmar', NULL, NULL, NULL, '949', 'SC_SO_0003', '1970-01-01', '9909023659', 'no-image.png', 1, 'SC_SB_0141', NULL, 'SCADMIN0001', '2014-02-18 13:15:56', 'SCADMIN0001', '2014-02-18 13:15:56'),
('SC_C_0142', 'Prakeshbhai', 'A', 'Nare', NULL, NULL, NULL, '951', 'SC_SO_0003', '1970-01-01', '9998606370', 'no-image.png', 1, 'SC_SB_0142', NULL, 'SCADMIN0001', '2014-02-18 13:15:56', 'SCADMIN0001', '2014-02-18 13:15:56'),
('SC_C_0143', 'Rameshbhai', '', 'Chauhan', NULL, NULL, NULL, '954', 'SC_SO_0003', '1970-01-01', '7698887910', 'no-image.png', 1, 'SC_SB_0143', NULL, 'SCADMIN0001', '2014-02-18 13:15:56', 'SCADMIN0001', '2014-02-18 13:15:56'),
('SC_C_0144', 'R', 'T', 'Vasava', NULL, NULL, NULL, '955', 'SC_SO_0003', '1970-01-01', '9825750145', 'no-image.png', 1, 'SC_SB_0144', NULL, 'SCADMIN0001', '2014-02-18 13:15:56', 'SCADMIN0001', '2014-02-18 13:15:56'),
('SC_C_0145', 'Bhanabhai', 'D', 'Kaswal', NULL, NULL, NULL, '958', 'SC_SO_0003', '1970-01-01', '9714442641', 'no-image.png', 1, 'SC_SB_0145', NULL, 'SCADMIN0001', '2014-02-18 13:15:56', 'SCADMIN0001', '2014-02-18 13:15:56'),
('SC_C_0146', 'Mahendrakumar', '', 'Metha', NULL, NULL, NULL, '960', 'SC_SO_0003', '1970-01-01', '9687686400', 'no-image.png', 1, 'SC_SB_0146', NULL, 'SCADMIN0001', '2014-02-18 13:15:56', 'SCADMIN0001', '2014-02-18 13:15:56'),
('SC_C_0147', 'Rakeshbhai', '', 'Satyanarayan', NULL, NULL, NULL, '961', 'SC_SO_0003', '1970-01-01', '7600704672', 'no-image.png', 1, 'SC_SB_0147', NULL, 'SCADMIN0001', '2014-02-18 13:15:57', 'SCADMIN0001', '2014-02-18 13:15:57'),
('SC_C_0148', 'Surendrabhai', 'S', 'Vasava', NULL, NULL, NULL, '962', 'SC_SO_0003', '1970-01-01', '9429824787', 'no-image.png', 1, 'SC_SB_0148', NULL, 'SCADMIN0001', '2014-02-18 13:15:57', 'SCADMIN0001', '2014-02-18 13:15:57'),
('SC_C_0149', 'Karsanbhai', 'A', 'Vankar', NULL, NULL, NULL, '966', 'SC_SO_0003', '1970-01-01', '9724094240', 'no-image.png', 1, 'SC_SB_0149', NULL, 'SCADMIN0001', '2014-02-18 13:15:57', 'SCADMIN0001', '2014-02-18 13:15:57'),
('SC_C_0150', 'Prakashbhai', 'G', 'Tokakar', NULL, NULL, NULL, '968', 'SC_SO_0003', '1970-01-01', NULL, 'no-image.png', 1, 'SC_SB_0150', NULL, 'SCADMIN0001', '2014-02-18 13:15:57', 'SCADMIN0001', '2014-02-18 13:15:57'),
('SC_C_0151', 'Bipinchandra', 'B', 'Pandya (top)', NULL, NULL, NULL, '970', 'SC_SO_0003', '1970-01-01', '9662528050', 'no-image.png', 1, 'SC_SB_0151', NULL, 'SCADMIN0001', '2014-02-18 13:15:57', 'SCADMIN0001', '2014-02-18 13:15:57'),
('SC_C_0152', 'Bipinchandra', 'B', 'Pandya (down)', NULL, NULL, NULL, '970', 'SC_SO_0003', '1970-01-01', '9662528050', 'no-image.png', 1, 'SC_SB_0152', NULL, 'SCADMIN0001', '2014-02-18 13:15:57', 'SCADMIN0001', '2014-02-18 13:15:57'),
('SC_C_0153', 'Kirtikumar', '', 'Charawada', NULL, NULL, NULL, '972', 'SC_SO_0003', '1970-01-01', '9327236841', 'no-image.png', 1, 'SC_SB_0153', NULL, 'SCADMIN0001', '2014-02-18 13:15:57', 'SCADMIN0001', '2014-02-18 13:15:57'),
('SC_C_0154', 'Dilipbhai', 'K', 'Vasava', NULL, NULL, NULL, '973', 'SC_SO_0003', '1970-01-01', '9712505256', 'no-image.png', 1, 'SC_SB_0154', NULL, 'SCADMIN0001', '2014-02-18 13:15:57', 'SCADMIN0001', '2014-02-18 13:15:57'),
('SC_C_0155', 'Kalpeshbhai', 'J', 'Gamit', NULL, NULL, NULL, '975', 'SC_SO_0003', '1970-01-01', NULL, 'no-image.png', 1, 'SC_SB_0155', NULL, 'SCADMIN0001', '2014-02-18 13:15:57', 'SCADMIN0001', '2014-02-18 13:15:57'),
('SC_C_0156', 'Mafatgiri', '', 'Gosai', NULL, NULL, NULL, '978', 'SC_SO_0003', '1970-01-01', '9925248893', 'no-image.png', 1, 'SC_SB_0156', NULL, 'SCADMIN0001', '2014-02-18 13:15:57', 'SCADMIN0001', '2014-02-18 13:15:57'),
('SC_C_0157', 'Dineshkumar', 'A', 'Ramani', NULL, NULL, NULL, '980', 'SC_SO_0003', '1970-01-01', '9909377410', 'no-image.png', 1, 'SC_SB_0157', NULL, 'SCADMIN0001', '2014-02-18 13:15:57', 'SCADMIN0001', '2014-02-18 13:15:57'),
('SC_C_0158', 'Atulbhai', 'V', 'Rajput', 'Vitthalsingh Rajput', NULL, NULL, '981', 'SC_SO_0003', '1970-01-01', '9429826205', 'no-image.png', 1, 'SC_SB_0158', NULL, 'SCADMIN0001', '2014-02-18 13:15:57', 'SCADMIN0001', '2014-02-18 13:15:57'),
('SC_C_0159', 'Anantbhai', 'R', 'Ambawale', NULL, NULL, NULL, '1024', 'SC_SO_0003', '1970-01-01', '8460669571', 'no-image.png', 1, 'SC_SB_0159', NULL, 'SCADMIN0001', '2014-02-18 13:15:57', 'SCADMIN0001', '2014-02-18 13:15:57'),
('SC_C_0160', 'Niteshkumar', '', 'Mochi', NULL, NULL, NULL, '1028', 'SC_SO_0003', '1970-01-01', '999837672', 'no-image.png', 1, 'SC_SB_0160', NULL, 'SCADMIN0001', '2014-02-18 13:15:58', 'SCADMIN0001', '2014-02-18 13:15:58'),
('SC_C_0161', 'Kishorkumar', 'R', 'Chauhan', NULL, NULL, NULL, '1029', 'SC_SO_0003', '1970-01-01', '9898326764', 'no-image.png', 1, 'SC_SB_0161', NULL, 'SCADMIN0001', '2014-02-18 13:15:58', 'SCADMIN0001', '2014-02-18 13:15:58'),
('SC_C_0162', 'Sanjaybhai', 'H', 'Patil', NULL, NULL, NULL, '1034', 'SC_SO_0003', '1970-01-01', NULL, 'no-image.png', 1, 'SC_SB_0162', NULL, 'SCADMIN0001', '2014-02-18 13:15:58', 'SCADMIN0001', '2014-02-18 13:15:58'),
('SC_C_0163', 'Rahulkumar', 'B', 'Sindhe', NULL, NULL, NULL, '1035', 'SC_SO_0003', '1970-01-01', NULL, 'no-image.png', 1, 'SC_SB_0163', NULL, 'SCADMIN0001', '2014-02-18 13:15:58', 'SCADMIN0001', '2014-02-18 13:15:58'),
('SC_C_0164', 'Dipakbhai', 'N', 'Patel', NULL, NULL, NULL, '1039', 'SC_SO_0003', '1970-01-01', NULL, 'no-image.png', 1, 'SC_SB_0164', NULL, 'SCADMIN0001', '2014-02-18 13:15:58', 'SCADMIN0001', '2014-02-18 13:15:58'),
('SC_C_0165', 'Kanubhai', 'S', 'Rana', NULL, NULL, NULL, '1041', 'SC_SO_0003', '1970-01-01', '9925269291', 'no-image.png', 1, 'SC_SB_0165', NULL, 'SCADMIN0001', '2014-02-18 13:15:58', 'SCADMIN0001', '2014-02-18 13:15:58'),
('SC_C_0166', 'Tusharbhai', 'R', 'Agrwal', NULL, NULL, NULL, '1043', 'SC_SO_0003', '1970-01-01', '9727398956', 'no-image.png', 1, 'SC_SB_0166', NULL, 'SCADMIN0001', '2014-02-18 13:15:58', 'SCADMIN0001', '2014-02-18 13:15:58'),
('SC_C_0167', 'Prabhubhai', 'H', 'Chitroda', NULL, NULL, NULL, '1044', 'SC_SO_0003', '1970-01-01', '9825580822', 'no-image.png', 1, 'SC_SB_0167', NULL, 'SCADMIN0001', '2014-02-18 13:15:58', 'SCADMIN0001', '2014-02-18 13:15:58'),
('SC_C_0168', 'Prabhudas', 'H', 'Tailly', NULL, NULL, NULL, '1045', 'SC_SO_0003', '1970-01-01', NULL, 'no-image.png', 1, 'SC_SB_0168', NULL, 'SCADMIN0001', '2014-02-18 13:15:58', 'SCADMIN0001', '2014-02-18 13:15:58'),
('SC_C_0169', 'Yogeshbhai', '', 'Jethwa', 'Rajeshbhai M. Darji', NULL, NULL, '1046', 'SC_SO_0003', '1970-01-01', NULL, 'no-image.png', 1, 'SC_SB_0169', NULL, 'SCADMIN0001', '2014-02-18 13:15:58', 'SCADMIN0001', '2014-02-18 13:15:58'),
('SC_C_0170', 'Vishnuprasad', 'U', 'Trivedi', 'YOGESHBHAI Jethwa', NULL, NULL, '1046', 'SC_SO_0003', '1970-01-01', NULL, 'no-image.png', 1, 'SC_SB_0170', NULL, 'SCADMIN0001', '2014-02-18 13:15:58', 'SCADMIN0001', '2014-02-18 13:15:58'),
('SC_C_0171', 'Shailendrasing', 'A', 'Rana', NULL, NULL, NULL, '1048', 'SC_SO_0003', '1970-01-01', '9925627595', 'no-image.png', 1, 'SC_SB_0171', NULL, 'SCADMIN0001', '2014-02-18 13:15:58', 'SCADMIN0001', '2014-02-18 13:15:58'),
('SC_C_0172', 'Shailendrasing', '', 'Rana (father)', NULL, NULL, NULL, '1048', 'SC_SO_0003', '1970-01-01', '9925627595', 'no-image.png', 1, 'SC_SB_0172', NULL, 'SCADMIN0001', '2014-02-18 13:15:59', 'SCADMIN0001', '2014-02-18 13:15:59'),
('SC_C_0173', 'Amarsinh', 'B', 'Rathwa', NULL, NULL, NULL, '1049', 'SC_SO_0003', '1970-01-01', '9879067814', 'no-image.png', 1, 'SC_SB_0173', NULL, 'SCADMIN0001', '2014-02-18 13:15:59', 'SCADMIN0001', '2014-02-18 13:15:59'),
('SC_C_0174', 'Annaraw', 'M', 'Mainsar', NULL, NULL, NULL, '1050', 'SC_SO_0003', '1970-01-01', '9979675160', 'no-image.png', 1, 'SC_SB_0174', NULL, 'SCADMIN0001', '2014-02-18 13:15:59', 'SCADMIN0001', '2014-02-18 13:15:59'),
('SC_C_0175', 'Rajeshbhai', 'A', 'Rohit', NULL, NULL, NULL, '1054', 'SC_SO_0003', '1970-01-01', NULL, 'no-image.png', 1, 'SC_SB_0175', NULL, 'SCADMIN0001', '2014-02-18 13:15:59', 'SCADMIN0001', '2014-02-18 13:15:59'),
('SC_C_0176', 'Vikrambhai', '', 'Soni', NULL, NULL, NULL, '1055', 'SC_SO_0003', '1970-01-01', '9173861764', 'no-image.png', 1, 'SC_SB_0176', NULL, 'SCADMIN0001', '2014-02-18 13:15:59', 'SCADMIN0001', '2014-02-18 13:15:59'),
('SC_C_0177', 'Maeshbhai', 'B', 'Patel (top)', NULL, NULL, NULL, '1058', 'SC_SO_0003', '1970-01-01', '9925782949', 'no-image.png', 1, 'SC_SB_0177', NULL, 'SCADMIN0001', '2014-02-18 13:15:59', 'SCADMIN0001', '2014-02-18 13:15:59'),
('SC_C_0178', 'Maeshbhai', 'B', 'Patel (down)', NULL, NULL, NULL, '1058', 'SC_SO_0003', '1970-01-01', NULL, 'no-image.png', 1, 'SC_SB_0178', NULL, 'SCADMIN0001', '2014-02-18 13:15:59', 'SCADMIN0001', '2014-02-18 13:15:59'),
('SC_C_0179', 'Rajubhai', '', 'Yadav', NULL, NULL, NULL, '1061', 'SC_SO_0003', '1970-01-01', NULL, 'no-image.png', 1, 'SC_SB_0179', NULL, 'SCADMIN0001', '2014-02-18 13:15:59', 'SCADMIN0001', '2014-02-18 13:15:59'),
('SC_C_0180', 'Kiranben', 'R', 'Mavani (top)', NULL, NULL, NULL, '1183', 'SC_SO_0004', '1970-01-01', '9979118045', 'no-image.png', 1, 'SC_SB_0180', NULL, 'SCADMIN0001', '2014-02-18 13:15:59', 'SCADMIN0001', '2014-02-18 13:15:59'),
('SC_C_0181', 'Kiranben', 'R', 'Mavani (down)', NULL, NULL, NULL, '1183', 'SC_SO_0004', '1970-01-01', '9586194962', 'no-image.png', 1, 'SC_SB_0181', NULL, 'SCADMIN0001', '2014-02-18 13:15:59', 'SCADMIN0001', '2014-02-18 13:15:59'),
('SC_C_0182', 'P', 'K', 'Sukhla', NULL, NULL, NULL, '1185', 'SC_SO_0004', '1970-01-01', NULL, 'no-image.png', 1, 'SC_SB_0182', NULL, 'SCADMIN0001', '2014-02-18 13:15:59', 'SCADMIN0001', '2014-02-18 13:15:59'),
('SC_C_0183', 'Sanjaybhai', 'R', 'Trivedi', NULL, NULL, NULL, '1189', 'SC_SO_0004', '1970-01-01', '9898437229', 'no-image.png', 1, 'SC_SB_0183', NULL, 'SCADMIN0001', '2014-02-18 13:16:00', 'SCADMIN0001', '2014-02-18 13:16:00'),
('SC_C_0184', 'Joshnaben', 'V', 'Patel', NULL, NULL, NULL, '1190', 'SC_SO_0004', '1970-01-01', NULL, 'no-image.png', 1, 'SC_SB_0184', NULL, 'SCADMIN0001', '2014-02-18 13:16:00', 'SCADMIN0001', '2014-02-18 13:16:00'),
('SC_C_0185', 'Arvindbhai', '', 'Tailor (top)', NULL, NULL, NULL, '1191', 'SC_SO_0004', '1970-01-01', NULL, 'no-image.png', 1, 'SC_SB_0185', NULL, 'SCADMIN0001', '2014-02-18 13:16:00', 'SCADMIN0001', '2014-02-18 13:16:00'),
('SC_C_0186', 'Arvindbhai', '', 'Tailor (down)', NULL, NULL, NULL, '1191', 'SC_SO_0004', '1970-01-01', NULL, 'no-image.png', 1, 'SC_SB_0186', NULL, 'SCADMIN0001', '2014-02-18 13:16:00', 'SCADMIN0001', '2014-02-18 13:16:00'),
('SC_C_0187', 'Yogeshbhai', '', 'Agarwal', NULL, NULL, NULL, '1192', 'SC_SO_0004', '1970-01-01', '9824410097', 'no-image.png', 1, 'SC_SB_0187', NULL, 'SCADMIN0001', '2014-02-18 13:16:00', 'SCADMIN0001', '2014-02-18 13:16:00'),
('SC_C_0188', 'Narsingh', '', 'Raj', NULL, NULL, NULL, '1193', 'SC_SO_0004', '1970-01-01', '9979896412', 'no-image.png', 1, 'SC_SB_0188', NULL, 'SCADMIN0001', '2014-02-18 13:16:00', 'SCADMIN0001', '2014-02-18 13:16:00'),
('SC_C_0189', 'Dipchand', 'K', 'Chandak', NULL, NULL, NULL, '1195', 'SC_SO_0004', '1970-01-01', '9725390082', 'no-image.png', 1, 'SC_SB_0189', NULL, 'SCADMIN0001', '2014-02-18 13:16:00', 'SCADMIN0001', '2014-02-18 13:16:00'),
('SC_C_0190', 'Hirenbhai', 'R', 'Chauhan', NULL, NULL, NULL, '1196', 'SC_SO_0004', '1970-01-01', '9925007671', 'no-image.png', 1, 'SC_SB_0190', NULL, 'SCADMIN0001', '2014-02-18 13:16:00', 'SCADMIN0001', '2014-02-18 13:16:00'),
('SC_C_0191', 'Mehmubhai', 'I', 'Rana', NULL, NULL, NULL, '1197', 'SC_SO_0004', '1970-01-01', NULL, 'no-image.png', 1, 'SC_SB_0191', NULL, 'SCADMIN0001', '2014-02-18 13:16:00', 'SCADMIN0001', '2014-02-18 13:16:00'),
('SC_C_0192', 'Vikasbhai', 'N', 'Agarwal', NULL, NULL, NULL, '1198', 'SC_SO_0004', '1970-01-01', '9824371194', 'no-image.png', 1, 'SC_SB_0192', NULL, 'SCADMIN0001', '2014-02-18 13:16:00', 'SCADMIN0001', '2014-02-18 13:16:00');

-- --------------------------------------------------------

--
-- Table structure for table `sc_monthly_payment`
--

CREATE TABLE IF NOT EXISTS `sc_monthly_payment` (
  `monthly_id` int(11) NOT NULL AUTO_INCREMENT,
  `customer_id` varchar(11) NOT NULL,
  `payment_year` int(4) NOT NULL,
  `payment_month` int(2) NOT NULL,
  `amount` int(5) NOT NULL,
  `created_id` varchar(11) NOT NULL,
  `created_datetime` datetime NOT NULL,
  `modify_id` varchar(11) NOT NULL,
  `modify_datetime` datetime NOT NULL,
  PRIMARY KEY (`monthly_id`)
) ENGINE=InnoDB DEFAULT CHARSET=latin1 AUTO_INCREMENT=1 ;

-- --------------------------------------------------------

--
-- Table structure for table `sc_setupbox`
--

CREATE TABLE IF NOT EXISTS `sc_setupbox` (
  `setup_box_id` varchar(11) NOT NULL,
  `model` varchar(25) NOT NULL DEFAULT 'DTC 2050',
  `type` enum('NR','HD') NOT NULL,
  `stb_no` varchar(25) NOT NULL,
  `cfa_no` varchar(25) NOT NULL,
  `date_of_purchase` date NOT NULL,
  `created_id` varchar(11) NOT NULL,
  `created_datetime` datetime NOT NULL,
  `modify_id` varchar(11) NOT NULL,
  `modify_datetime` datetime NOT NULL,
  PRIMARY KEY (`setup_box_id`),
  KEY `created_id` (`created_id`,`modify_datetime`)
) ENGINE=InnoDB DEFAULT CHARSET=latin1;

--
-- Dumping data for table `sc_setupbox`
--

INSERT INTO `sc_setupbox` (`setup_box_id`, `model`, `type`, `stb_no`, `cfa_no`, `date_of_purchase`, `created_id`, `created_datetime`, `modify_id`, `modify_datetime`) VALUES
('SC_SB_0001', 'DTC 2050', 'NR', '251121811570444', '22303082', '1970-01-01', 'SCADMIN0001', '2014-02-18 13:15:44', 'SCADMIN0001', '2014-02-18 13:15:44'),
('SC_SB_0002', 'DTC 2050', 'NR', '610131835472394', '21801934', '2005-10-13', 'SCADMIN0001', '2014-02-18 13:15:44', 'SCADMIN0001', '2014-02-18 13:15:44'),
('SC_SB_0003', 'DTC 2050', 'NR', '203131811873561', '21299601', '1970-01-01', 'SCADMIN0001', '2014-02-18 13:15:44', 'SCADMIN0001', '2014-02-18 13:15:44'),
('SC_SB_0004', 'DTC 2050', 'NR', '606131835124628', '21346895', '2004-08-13', 'SCADMIN0001', '2014-02-18 13:15:44', 'SCADMIN0001', '2014-02-18 13:15:44'),
('SC_SB_0005', 'DTC 2050', 'NR', '403131834632351', '22431227', '1970-01-01', 'SCADMIN0001', '2014-02-18 13:15:44', 'SCADMIN0001', '2014-02-18 13:15:44'),
('SC_SB_0006', 'DTC 2050', 'NR', '606131835056347', '21262268', '1970-01-01', 'SCADMIN0001', '2014-02-18 13:15:44', 'SCADMIN0001', '2014-02-18 13:15:44'),
('SC_SB_0007', 'DTC 2050', 'NR', '203131834027882', '21299583', '1970-01-01', 'SCADMIN0001', '2014-02-18 13:15:44', 'SCADMIN0001', '2014-02-18 13:15:44'),
('SC_SB_0008', 'DTC 2050', 'NR', '211131834107606', '22670629', '1970-01-01', 'SCADMIN0001', '2014-02-18 13:15:44', 'SCADMIN0001', '2014-02-18 13:15:44'),
('SC_SB_0009', 'DTC 2050', 'NR', '607131835154319', '21346910', '2004-08-13', 'SCADMIN0001', '2014-02-18 13:15:45', 'SCADMIN0001', '2014-02-18 13:15:45'),
('SC_SB_0010', 'DTC 2050', 'NR', '222121642960581', '22392710', '1970-01-01', 'SCADMIN0001', '2014-02-18 13:15:45', 'SCADMIN0001', '2014-02-18 13:15:45'),
('SC_SB_0011', 'DTC 2050', 'NR', '610131835472391', '21801927', '1970-01-01', 'SCADMIN0001', '2014-02-18 13:15:45', 'SCADMIN0001', '2014-02-18 13:15:45'),
('SC_SB_0012', 'DTC 2050', 'NR', '403131834632480', '21299600', '1970-01-01', 'SCADMIN0001', '2014-02-18 13:15:45', 'SCADMIN0001', '2014-02-18 13:15:45'),
('SC_SB_0013', 'DTC 2050', 'NR', '205131834014376', '21299607', '1970-01-01', 'SCADMIN0001', '2014-02-18 13:15:45', 'SCADMIN0001', '2014-02-18 13:15:45'),
('SC_SB_0014', 'DTC 2050', 'NR', '205131834032943', '21299606', '1970-01-01', 'SCADMIN0001', '2014-02-18 13:15:45', 'SCADMIN0001', '2014-02-18 13:15:45'),
('SC_SB_0015', 'DTC 2050', 'NR', '607131835189907', '21348390', '1970-01-01', 'SCADMIN0001', '2014-02-18 13:15:45', 'SCADMIN0001', '2014-02-18 13:15:45'),
('SC_SB_0016', 'DTC 2050', 'NR', '606131835115134', '21346902', '1970-01-01', 'SCADMIN0001', '2014-02-18 13:15:45', 'SCADMIN0001', '2014-02-18 13:15:45'),
('SC_SB_0017', 'DTC 2050', 'NR', '607131835189911', '21346912', '1970-01-01', 'SCADMIN0001', '2014-02-18 13:15:45', 'SCADMIN0001', '2014-02-18 13:15:45'),
('SC_SB_0018', 'DTC 2050', 'NR', '610131835424507', '22203743', '1970-01-01', 'SCADMIN0001', '2014-02-18 13:15:45', 'SCADMIN0001', '2014-02-18 13:15:45'),
('SC_SB_0019', 'DTC 2050', 'NR', '609131835289942', '', '2002-05-14', 'SCADMIN0001', '2014-02-18 13:15:45', 'SCADMIN0001', '2014-02-18 13:15:45'),
('SC_SB_0020', 'DTC 2050', 'NR', '606131835120074', '21829380', '1970-01-01', 'SCADMIN0001', '2014-02-18 13:15:46', 'SCADMIN0001', '2014-02-18 13:15:46'),
('SC_SB_0021', 'DTC 2050', 'NR', '610131835405656', '22214221', '1970-01-01', 'SCADMIN0001', '2014-02-18 13:15:46', 'SCADMIN0001', '2014-02-18 13:15:46'),
('SC_SB_0022', 'DTC 2050', 'NR', '610131835483355', '21801937', '1970-01-01', 'SCADMIN0001', '2014-02-18 13:15:46', 'SCADMIN0001', '2014-02-18 13:15:46'),
('SC_SB_0023', 'DTC 2050', 'NR', '610131835483352', '21801940', '1970-01-01', 'SCADMIN0001', '2014-02-18 13:15:46', 'SCADMIN0001', '2014-02-18 13:15:46'),
('SC_SB_0024', 'DTC 2050', 'NR', '610131835475700', '21801060', '1970-01-01', 'SCADMIN0001', '2014-02-18 13:15:46', 'SCADMIN0001', '2014-02-18 13:15:46'),
('SC_SB_0025', 'DTC 2050', 'NR', '203131811873904', '21299596', '1970-01-01', 'SCADMIN0001', '2014-02-18 13:15:46', 'SCADMIN0001', '2014-02-18 13:15:46'),
('SC_SB_0026', 'DTC 2050', 'NR', '222121642981349', '22192682', '1970-01-01', 'SCADMIN0001', '2014-02-18 13:15:46', 'SCADMIN0001', '2014-02-18 13:15:46'),
('SC_SB_0027', 'DTC 2050', 'NR', '610131835356128', '22287102', '1970-01-01', 'SCADMIN0001', '2014-02-18 13:15:46', 'SCADMIN0001', '2014-02-18 13:15:46'),
('SC_SB_0028', 'DTC 2050', 'NR', '607131835189912', '21346911', '1970-01-01', 'SCADMIN0001', '2014-02-18 13:15:46', 'SCADMIN0001', '2014-02-18 13:15:46'),
('SC_SB_0029', 'DTC 2050', 'NR', '403131834632278', '22002253', '1970-01-01', 'SCADMIN0001', '2014-02-18 13:15:46', 'SCADMIN0001', '2014-02-18 13:15:46'),
('SC_SB_0030', 'DTC 2050', 'NR', '251121811562536', '21829381', '1970-01-01', 'SCADMIN0001', '2014-02-18 13:15:46', 'SCADMIN0001', '2014-02-18 13:15:46'),
('SC_SB_0031', 'DTC 2050', 'NR', '610131835495301', '21801072', '1970-01-01', 'SCADMIN0001', '2014-02-18 13:15:47', 'SCADMIN0001', '2014-02-18 13:15:47'),
('SC_SB_0032', 'DTC 2050', 'NR', '609131835278642', '21597157', '1970-01-01', 'SCADMIN0001', '2014-02-18 13:15:47', 'SCADMIN0001', '2014-02-18 13:15:47'),
('SC_SB_0033', 'DTC 2050', 'NR', '205131834031621', '21299610', '1970-01-01', 'SCADMIN0001', '2014-02-18 13:15:47', 'SCADMIN0001', '2014-02-18 13:15:47'),
('SC_SB_0034', 'DTC 2050', 'NR', '606131835065302', '21262266', '1970-01-01', 'SCADMIN0001', '2014-02-18 13:15:47', 'SCADMIN0001', '2014-02-18 13:15:47'),
('SC_SB_0035', 'DTC 2050', 'NR', '607131835198072', '21597145', '1970-01-01', 'SCADMIN0001', '2014-02-18 13:15:47', 'SCADMIN0001', '2014-02-18 13:15:47'),
('SC_SB_0036', 'DTC 2050', 'NR', '610131835487010', '21801076', '1970-01-01', 'SCADMIN0001', '2014-02-18 13:15:47', 'SCADMIN0001', '2014-02-18 13:15:47'),
('SC_SB_0037', 'DTC 2050', 'NR', '211131834107606', '22670629', '1970-01-01', 'SCADMIN0001', '2014-02-18 13:15:47', 'SCADMIN0001', '2014-02-18 13:15:47'),
('SC_SB_0038', 'DTC 2050', 'NR', '610131835366707', '22303779', '1970-01-01', 'SCADMIN0001', '2014-02-18 13:15:47', 'SCADMIN0001', '2014-02-18 13:15:47'),
('SC_SB_0039', 'DTC 2050', 'NR', '403131834772252', '22579559', '1970-01-01', 'SCADMIN0001', '2014-02-18 13:15:47', 'SCADMIN0001', '2014-02-18 13:15:47'),
('SC_SB_0040', 'DTC 2050', 'NR', '607131835252264', '21597144', '1970-01-01', 'SCADMIN0001', '2014-02-18 13:15:47', 'SCADMIN0001', '2014-02-18 13:15:47'),
('SC_SB_0041', 'DTC 2050', 'NR', '609131835278645', '21597154', '1970-01-01', 'SCADMIN0001', '2014-02-18 13:15:47', 'SCADMIN0001', '2014-02-18 13:15:47'),
('SC_SB_0042', 'DTC 2050', 'NR', '609131835147493', '21597156', '1970-01-01', 'SCADMIN0001', '2014-02-18 13:15:47', 'SCADMIN0001', '2014-02-18 13:15:47'),
('SC_SB_0043', 'DTC 2050', 'NR', '610131835366619', '22266671', '1970-01-01', 'SCADMIN0001', '2014-02-18 13:15:48', 'SCADMIN0001', '2014-02-18 13:15:48'),
('SC_SB_0044', 'DTC 2050', 'NR', '609131835147492', '21597158', '1970-01-01', 'SCADMIN0001', '2014-02-18 13:15:48', 'SCADMIN0001', '2014-02-18 13:15:48'),
('SC_SB_0045', 'DTC 2050', 'NR', '610131835483354', '21801935', '1970-01-01', 'SCADMIN0001', '2014-02-18 13:15:48', 'SCADMIN0001', '2014-02-18 13:15:48'),
('SC_SB_0046', 'DTC 2050', 'NR', '220121642928630', '22192668', '1970-01-01', 'SCADMIN0001', '2014-02-18 13:15:48', 'SCADMIN0001', '2014-02-18 13:15:48'),
('SC_SB_0047', 'DTC 2050', 'NR', '607131835154315', '21346906', '1970-01-01', 'SCADMIN0001', '2014-02-18 13:15:48', 'SCADMIN0001', '2014-02-18 13:15:48'),
('SC_SB_0048', 'DTC 2050', 'NR', '203131834018251', '21299584', '1970-01-01', 'SCADMIN0001', '2014-02-18 13:15:48', 'SCADMIN0001', '2014-02-18 13:15:48'),
('SC_SB_0049', 'DTC 2050', 'NR', '251121811582911', '21829383', '1970-01-01', 'SCADMIN0001', '2014-02-18 13:15:48', 'SCADMIN0001', '2014-02-18 13:15:48'),
('SC_SB_0050', 'DTC 2050', 'NR', '203131834013204', '21299595', '1970-01-01', 'SCADMIN0001', '2014-02-18 13:15:48', 'SCADMIN0001', '2014-02-18 13:15:48'),
('SC_SB_0051', 'DTC 2050', 'NR', '222121642969196', '22192675', '1970-01-01', 'SCADMIN0001', '2014-02-18 13:15:48', 'SCADMIN0001', '2014-02-18 13:15:48'),
('SC_SB_0052', 'DTC 2050', 'NR', '220121642941201', '22192677', '1970-01-01', 'SCADMIN0001', '2014-02-18 13:15:48', 'SCADMIN0001', '2014-02-18 13:15:48'),
('SC_SB_0053', 'DTC 2050', 'NR', '606131835056432', '21262242', '1970-01-01', 'SCADMIN0001', '2014-02-18 13:15:48', 'SCADMIN0001', '2014-02-18 13:15:48'),
('SC_SB_0054', 'DTC 2050', 'NR', '220121642917707', '22192671', '1970-01-01', 'SCADMIN0001', '2014-02-18 13:15:48', 'SCADMIN0001', '2014-02-18 13:15:48'),
('SC_SB_0055', 'DTC 2050', 'NR', '610131835441015', '22214219', '1970-01-01', 'SCADMIN0001', '2014-02-18 13:15:48', 'SCADMIN0001', '2014-02-18 13:15:48'),
('SC_SB_0056', 'DTC 2050', 'NR', '321121811291579', '22755076', '1970-01-01', 'SCADMIN0001', '2014-02-18 13:15:49', 'SCADMIN0001', '2014-02-18 13:15:49'),
('SC_SB_0057', 'DTC 2050', 'NR', '203131811873903', '21299594', '1970-01-01', 'SCADMIN0001', '2014-02-18 13:15:49', 'SCADMIN0001', '2014-02-18 13:15:49'),
('SC_SB_0058', 'DTC 2050', 'NR', '610131835366705', '22287104', '1970-01-01', 'SCADMIN0001', '2014-02-18 13:15:49', 'SCADMIN0001', '2014-02-18 13:15:49'),
('SC_SB_0059', 'DTC 2050', 'NR', '403131834804270', '22579018', '1970-01-01', 'SCADMIN0001', '2014-02-18 13:15:49', 'SCADMIN0001', '2014-02-18 13:15:49'),
('SC_SB_0060', 'DTC 2050', 'NR', '610131835405827', '22214224', '1970-01-01', 'SCADMIN0001', '2014-02-18 13:15:49', 'SCADMIN0001', '2014-02-18 13:15:49'),
('SC_SB_0061', 'DTC 2050', 'NR', '606131835056348', '21262264', '1970-01-01', 'SCADMIN0001', '2014-02-18 13:15:49', 'SCADMIN0001', '2014-02-18 13:15:49'),
('SC_SB_0062', 'DTC 2050', 'NR', '251121811521421', '22303079', '1970-01-01', 'SCADMIN0001', '2014-02-18 13:15:49', 'SCADMIN0001', '2014-02-18 13:15:49'),
('SC_SB_0063', 'DTC 2050', 'NR', '403131834754743', '22637587', '1970-01-01', 'SCADMIN0001', '2014-02-18 13:15:49', 'SCADMIN0001', '2014-02-18 13:15:49'),
('SC_SB_0064', 'DTC 2050', 'NR', '251121811541450', '22303080', '1970-01-01', 'SCADMIN0001', '2014-02-18 13:15:49', 'SCADMIN0001', '2014-02-18 13:15:49'),
('SC_SB_0065', 'DTC 2050', 'NR', '609131835278644', '21597155', '1970-01-01', 'SCADMIN0001', '2014-02-18 13:15:49', 'SCADMIN0001', '2014-02-18 13:15:49'),
('SC_SB_0066', 'DTC 2050', 'NR', '607131835198075', '21597151', '1970-01-01', 'SCADMIN0001', '2014-02-18 13:15:49', 'SCADMIN0001', '2014-02-18 13:15:49'),
('SC_SB_0067', 'DTC 2050', 'NR', '610131835510364', '22067724', '1970-01-01', 'SCADMIN0001', '2014-02-18 13:15:50', 'SCADMIN0001', '2014-02-18 13:15:50'),
('SC_SB_0068', 'DTC 2050', 'NR', '251121811547346', '22303086', '1970-01-01', 'SCADMIN0001', '2014-02-18 13:15:50', 'SCADMIN0001', '2014-02-18 13:15:50'),
('SC_SB_0069', 'DTC 2050', 'NR', '606131835065300', '21262260', '1970-01-01', 'SCADMIN0001', '2014-02-18 13:15:50', 'SCADMIN0001', '2014-02-18 13:15:50'),
('SC_SB_0070', 'DTC 2050', 'NR', '606131835056343', '21262262', '1970-01-01', 'SCADMIN0001', '2014-02-18 13:15:50', 'SCADMIN0001', '2014-02-18 13:15:50'),
('SC_SB_0071', 'DTC 2050', 'NR', '403131834637714', '22002254', '1970-01-01', 'SCADMIN0001', '2014-02-18 13:15:50', 'SCADMIN0001', '2014-02-18 13:15:50'),
('SC_SB_0072', 'DTC 2050', 'NR', '610131835483353', '21801929', '1970-01-01', 'SCADMIN0001', '2014-02-18 13:15:50', 'SCADMIN0001', '2014-02-18 13:15:50'),
('SC_SB_0073', 'DTC 2050', 'NR', '607131835252265', '21597146', '1970-01-01', 'SCADMIN0001', '2014-02-18 13:15:50', 'SCADMIN0001', '2014-02-18 13:15:50'),
('SC_SB_0074', 'DTC 2050', 'NR', '403131834804349', '22579530', '1970-01-01', 'SCADMIN0001', '2014-02-18 13:15:50', 'SCADMIN0001', '2014-02-18 13:15:50'),
('SC_SB_0075', 'DTC 2050', 'NR', '610131835441154', '22214223', '1970-01-01', 'SCADMIN0001', '2014-02-18 13:15:50', 'SCADMIN0001', '2014-02-18 13:15:50'),
('SC_SB_0076', 'DTC 2050', 'NR', '607131835198076', '21597153', '1970-01-01', 'SCADMIN0001', '2014-02-18 13:15:50', 'SCADMIN0001', '2014-02-18 13:15:50'),
('SC_SB_0077', 'DTC 2050', 'NR', '607131835154317', '21346909', '1970-01-01', 'SCADMIN0001', '2014-02-18 13:15:50', 'SCADMIN0001', '2014-02-18 13:15:50'),
('SC_SB_0078', 'DTC 2050', 'NR', '403131834660145', '22431226', '1970-01-01', 'SCADMIN0001', '2014-02-18 13:15:50', 'SCADMIN0001', '2014-02-18 13:15:50'),
('SC_SB_0079', 'DTC 2050', 'NR', '610131835491636', '', '2001-01-14', 'SCADMIN0001', '2014-02-18 13:15:51', 'SCADMIN0001', '2014-02-18 13:15:51'),
('SC_SB_0080', 'DTC 2050', 'NR', '205131834030846', '21299609', '1970-01-01', 'SCADMIN0001', '2014-02-18 13:15:51', 'SCADMIN0001', '2014-02-18 13:15:51'),
('SC_SB_0081', 'DTC 2050', 'NR', '251121811544201', '21829391', '1970-01-01', 'SCADMIN0001', '2014-02-18 13:15:51', 'SCADMIN0001', '2014-02-18 13:15:51'),
('SC_SB_0082', 'DTC 2050', 'NR', '205131834029862', '21299611', '1970-01-01', 'SCADMIN0001', '2014-02-18 13:15:51', 'SCADMIN0001', '2014-02-18 13:15:51'),
('SC_SB_0083', 'DTC 2050', 'NR', '606131835065376', '21262234', '1970-01-01', 'SCADMIN0001', '2014-02-18 13:15:51', 'SCADMIN0001', '2014-02-18 13:15:51'),
('SC_SB_0084', 'DTC 2050', 'NR', '610131835510363', '22067722', '1970-01-01', 'SCADMIN0001', '2014-02-18 13:15:51', 'SCADMIN0001', '2014-02-18 13:15:51'),
('SC_SB_0085', 'DTC 2050', 'NR', '205131834015124', '21299604', '1970-01-01', 'SCADMIN0001', '2014-02-18 13:15:51', 'SCADMIN0001', '2014-02-18 13:15:51'),
('SC_SB_0086', 'DTC 2050', 'NR', '403131834754181', '22538370', '1970-01-01', 'SCADMIN0001', '2014-02-18 13:15:51', 'SCADMIN0001', '2014-02-18 13:15:51'),
('SC_SB_0087', 'DTC 2050', 'NR', '222121642979589', '22192681', '1970-01-01', 'SCADMIN0001', '2014-02-18 13:15:51', 'SCADMIN0001', '2014-02-18 13:15:51'),
('SC_SB_0088', 'DTC 2050', 'NR', '606131835065301', '21262270', '1970-01-01', 'SCADMIN0001', '2014-02-18 13:15:51', 'SCADMIN0001', '2014-02-18 13:15:51'),
('SC_SB_0089', 'DTC 2050', 'NR', '403131834803678', '22296606', '1970-01-01', 'SCADMIN0001', '2014-02-18 13:15:51', 'SCADMIN0001', '2014-02-18 13:15:51'),
('SC_SB_0090', 'DTC 2050', 'NR', '205131834031621', '21299610', '1970-01-01', 'SCADMIN0001', '2014-02-18 13:15:51', 'SCADMIN0001', '2014-02-18 13:15:51'),
('SC_SB_0091', 'DTC 2050', 'NR', '606131835056435', '21262246', '1970-01-01', 'SCADMIN0001', '2014-02-18 13:15:52', 'SCADMIN0001', '2014-02-18 13:15:52'),
('SC_SB_0092', 'DTC 2050', 'NR', '606131835115133', '21346898', '1970-01-01', 'SCADMIN0001', '2014-02-18 13:15:52', 'SCADMIN0001', '2014-02-18 13:15:52'),
('SC_SB_0093', 'DTC 2050', 'NR', '203131834033239', '21299586', '1970-01-01', 'SCADMIN0001', '2014-02-18 13:15:52', 'SCADMIN0001', '2014-02-18 13:15:52'),
('SC_SB_0094', 'DTC 2050', 'NR', '606131835115131', '21346900', '1970-01-01', 'SCADMIN0001', '2014-02-18 13:15:52', 'SCADMIN0001', '2014-02-18 13:15:52'),
('SC_SB_0095', 'DTC 2050', 'NR', '403131834736643', '22303780', '1970-01-01', 'SCADMIN0001', '2014-02-18 13:15:52', 'SCADMIN0001', '2014-02-18 13:15:52'),
('SC_SB_0096', 'DTC 2050', 'NR', '203131834033002', '21299598', '1970-01-01', 'SCADMIN0001', '2014-02-18 13:15:52', 'SCADMIN0001', '2014-02-18 13:15:52'),
('SC_SB_0097', 'DTC 2050', 'NR', '610131835366706', '22303778', '1970-01-01', 'SCADMIN0001', '2014-02-18 13:15:52', 'SCADMIN0001', '2014-02-18 13:15:52'),
('SC_SB_0098', 'DTC 2050', 'NR', '205131834030657', '21299603', '1970-01-01', 'SCADMIN0001', '2014-02-18 13:15:52', 'SCADMIN0001', '2014-02-18 13:15:52'),
('SC_SB_0099', 'DTC 2050', 'NR', '606131835124627', '21346899', '1970-01-01', 'SCADMIN0001', '2014-02-18 13:15:52', 'SCADMIN0001', '2014-02-18 13:15:52'),
('SC_SB_0100', 'DTC 2050', 'NR', '203131834032862', '21299588', '1970-01-01', 'SCADMIN0001', '2014-02-18 13:15:52', 'SCADMIN0001', '2014-02-18 13:15:52'),
('SC_SB_0101', 'DTC 2050', 'NR', '610131835498395', '22067725', '1970-01-01', 'SCADMIN0001', '2014-02-18 13:15:52', 'SCADMIN0001', '2014-02-18 13:15:52'),
('SC_SB_0102', 'DTC 2050', 'NR', '403131834660056', '22002255', '1970-01-01', 'SCADMIN0001', '2014-02-18 13:15:52', 'SCADMIN0001', '2014-02-18 13:15:52'),
('SC_SB_0103', 'DTC 2050', 'NR', '205131834034563', '21299612', '1970-01-01', 'SCADMIN0001', '2014-02-18 13:15:52', 'SCADMIN0001', '2014-02-18 13:15:52'),
('SC_SB_0104', 'DTC 2050', 'NR', '607131835198073', '21597148', '1970-01-01', 'SCADMIN0001', '2014-02-18 13:15:53', 'SCADMIN0001', '2014-02-18 13:15:53'),
('SC_SB_0105', 'DTC 2050', 'NR', '610131835518825', '22067723', '1970-01-01', 'SCADMIN0001', '2014-02-18 13:15:53', 'SCADMIN0001', '2014-02-18 13:15:53'),
('SC_SB_0106', 'DTC 2050', 'NR', '610131835375084', '22287103', '1970-01-01', 'SCADMIN0001', '2014-02-18 13:15:53', 'SCADMIN0001', '2014-02-18 13:15:53'),
('SC_SB_0107', 'DTC 2050', 'NR', '251121811542473', '22303084', '1970-01-01', 'SCADMIN0001', '2014-02-18 13:15:53', 'SCADMIN0001', '2014-02-18 13:15:53'),
('SC_SB_0108', 'DTC 2050', 'NR', '403131834637716', '22002256', '1970-01-01', 'SCADMIN0001', '2014-02-18 13:15:53', 'SCADMIN0001', '2014-02-18 13:15:53'),
('SC_SB_0109', 'DTC 2050', 'NR', '203131834017930', '21299589', '1970-01-01', 'SCADMIN0001', '2014-02-18 13:15:53', 'SCADMIN0001', '2014-02-18 13:15:53'),
('SC_SB_0110', 'DTC 2050', 'NR', '606131835055860', '21299592', '1970-01-01', 'SCADMIN0001', '2014-02-18 13:15:53', 'SCADMIN0001', '2014-02-18 13:15:53'),
('SC_SB_0111', 'DTC 2050', 'NR', '251121811551276', '21829621', '1970-01-01', 'SCADMIN0001', '2014-02-18 13:15:53', 'SCADMIN0001', '2014-02-18 13:15:53'),
('SC_SB_0112', 'DTC 2050', 'NR', '606131835056433', '21262236', '1970-01-01', 'SCADMIN0001', '2014-02-18 13:15:53', 'SCADMIN0001', '2014-02-18 13:15:53'),
('SC_SB_0113', 'DTC 2050', 'NR', '251121811556952', '21829387', '1970-01-01', 'SCADMIN0001', '2014-02-18 13:15:53', 'SCADMIN0001', '2014-02-18 13:15:53'),
('SC_SB_0114', 'DTC 2050', 'NR', '610131835475703', '21801068', '1970-01-01', 'SCADMIN0001', '2014-02-18 13:15:53', 'SCADMIN0001', '2014-02-18 13:15:53'),
('SC_SB_0115', 'DTC 2050', 'NR', '251121811587119', '21829386', '1970-01-01', 'SCADMIN0001', '2014-02-18 13:15:53', 'SCADMIN0001', '2014-02-18 13:15:53'),
('SC_SB_0116', 'DTC 2050', 'NR', '205131834029552', '21299608', '1970-01-01', 'SCADMIN0001', '2014-02-18 13:15:54', 'SCADMIN0001', '2014-02-18 13:15:54'),
('SC_SB_0117', 'DTC 2050', 'NR', '610131835495293', '21801062', '1970-01-01', 'SCADMIN0001', '2014-02-18 13:15:54', 'SCADMIN0001', '2014-02-18 13:15:54'),
('SC_SB_0118', 'DTC 2050', 'NR', '211131834138330', '22714832', '1970-01-01', 'SCADMIN0001', '2014-02-18 13:15:54', 'SCADMIN0001', '2014-02-18 13:15:54'),
('SC_SB_0119', 'DTC 2050', 'NR', '610131835487011', '21801070', '1970-01-01', 'SCADMIN0001', '2014-02-18 13:15:54', 'SCADMIN0001', '2014-02-18 13:15:54'),
('SC_SB_0120', 'DTC 2050', 'NR', '610131835495298', '21801066', '1970-01-01', 'SCADMIN0001', '2014-02-18 13:15:54', 'SCADMIN0001', '2014-02-18 13:15:54'),
('SC_SB_0121', 'DTC 2050', 'NR', '610131835475701', '21802598', '1970-01-01', 'SCADMIN0001', '2014-02-18 13:15:54', 'SCADMIN0001', '2014-02-18 13:15:54'),
('SC_SB_0122', 'DTC 2050', 'NR', '00000', '', '1970-01-01', 'SCADMIN0001', '2014-02-18 13:15:54', 'SCADMIN0001', '2014-02-18 13:15:54'),
('SC_SB_0123', 'DTC 2050', 'NR', '220121642924397', '22192670', '1970-01-01', 'SCADMIN0001', '2014-02-18 13:15:54', 'SCADMIN0001', '2014-02-18 13:15:54'),
('SC_SB_0124', 'DTC 2050', 'NR', '203131811873736', '21299597', '1970-01-01', 'SCADMIN0001', '2014-02-18 13:15:55', 'SCADMIN0001', '2014-02-18 13:15:55'),
('SC_SB_0125', 'DTC 2050', 'NR', '403131834736497', '22637588', '1970-01-01', 'SCADMIN0001', '2014-02-18 13:15:55', 'SCADMIN0001', '2014-02-18 13:15:55'),
('SC_SB_0126', 'DTC 2050', 'NR', '606131835056346', '21262272', '1970-01-01', 'SCADMIN0001', '2014-02-18 13:15:55', 'SCADMIN0001', '2014-02-18 13:15:55'),
('SC_SB_0127', 'DTC 2050', 'NR', '606131835115130', '21346901', '1970-01-01', 'SCADMIN0001', '2014-02-18 13:15:55', 'SCADMIN0001', '2014-02-18 13:15:55'),
('SC_SB_0128', 'DTC 2050', 'NR', '251121811555971', '22303085', '1970-01-01', 'SCADMIN0001', '2014-02-18 13:15:55', 'SCADMIN0001', '2014-02-18 13:15:55'),
('SC_SB_0129', 'DTC 2050', 'NR', '251121811587643', '21829395', '1970-01-01', 'SCADMIN0001', '2014-02-18 13:15:55', 'SCADMIN0001', '2014-02-18 13:15:55'),
('SC_SB_0130', 'DTC 2050', 'NR', '211131834147145', '22393264', '1970-01-01', 'SCADMIN0001', '2014-02-18 13:15:55', 'SCADMIN0001', '2014-02-18 13:15:55'),
('SC_SB_0131', 'DTC 2050', 'NR', '606131835115132', '21346896', '1970-01-01', 'SCADMIN0001', '2014-02-18 13:15:55', 'SCADMIN0001', '2014-02-18 13:15:55'),
('SC_SB_0132', 'DTC 2050', 'NR', '606131835124629', '21346897', '1970-01-01', 'SCADMIN0001', '2014-02-18 13:15:55', 'SCADMIN0001', '2014-02-18 13:15:55'),
('SC_SB_0133', 'DTC 2050', 'NR', '403131834795634', '22393263', '1970-01-01', 'SCADMIN0001', '2014-02-18 13:15:55', 'SCADMIN0001', '2014-02-18 13:15:55'),
('SC_SB_0134', 'DTC 2050', 'NR', '607131835189909', '21346914', '1970-01-01', 'SCADMIN0001', '2014-02-18 13:15:55', 'SCADMIN0001', '2014-02-18 13:15:55'),
('SC_SB_0135', 'DTC 2050', 'NR', '403131834772777', '22584835', '1970-01-01', 'SCADMIN0001', '2014-02-18 13:15:56', 'SCADMIN0001', '2014-02-18 13:15:56'),
('SC_SB_0136', 'DTC 2050', 'NR', '251121811541865', '22303083', '1970-01-01', 'SCADMIN0001', '2014-02-18 13:15:56', 'SCADMIN0001', '2014-02-18 13:15:56'),
('SC_SB_0137', 'DTC 2050', 'NR', '203131811873553', '21299593', '1970-01-01', 'SCADMIN0001', '2014-02-18 13:15:56', 'SCADMIN0001', '2014-02-18 13:15:56'),
('SC_SB_0138', 'DTC 2050', 'NR', '251121811564601', '21829385', '1970-01-01', 'SCADMIN0001', '2014-02-18 13:15:56', 'SCADMIN0001', '2014-02-18 13:15:56'),
('SC_SB_0139', 'DTC 2050', 'NR', '403131834735997', '22538371', '1970-01-01', 'SCADMIN0001', '2014-02-18 13:15:56', 'SCADMIN0001', '2014-02-18 13:15:56'),
('SC_SB_0140', 'DTC 2050', 'NR', '211131834147424', '22755244', '1970-01-01', 'SCADMIN0001', '2014-02-18 13:15:56', 'SCADMIN0001', '2014-02-18 13:15:56'),
('SC_SB_0141', 'DTC 2050', 'NR', '251121811591562', '21829389', '1970-01-01', 'SCADMIN0001', '2014-02-18 13:15:56', 'SCADMIN0001', '2014-02-18 13:15:56'),
('SC_SB_0142', 'DTC 2050', 'NR', '607131835154316', '21346908', '1970-01-01', 'SCADMIN0001', '2014-02-18 13:15:56', 'SCADMIN0001', '2014-02-18 13:15:56'),
('SC_SB_0143', 'DTC 2050', 'NR', '251121811551873', '21829392', '1970-01-01', 'SCADMIN0001', '2014-02-18 13:15:56', 'SCADMIN0001', '2014-02-18 13:15:56'),
('SC_SB_0144', 'DTC 2050', 'NR', '403131834795581', '22579531', '1970-01-01', 'SCADMIN0001', '2014-02-18 13:15:56', 'SCADMIN0001', '2014-02-18 13:15:56'),
('SC_SB_0145', 'DTC 2050', 'NR', '606131835056345', '21262254', '1970-01-01', 'SCADMIN0001', '2014-02-18 13:15:56', 'SCADMIN0001', '2014-02-18 13:15:56'),
('SC_SB_0146', 'DTC 2050', 'NR', '251121811586304', '21829388', '1970-01-01', 'SCADMIN0001', '2014-02-18 13:15:56', 'SCADMIN0001', '2014-02-18 13:15:56'),
('SC_SB_0147', 'DTC 2050', 'NR', '403131834795570', '22579017', '1970-01-01', 'SCADMIN0001', '2014-02-18 13:15:57', 'SCADMIN0001', '2014-02-18 13:15:57'),
('SC_SB_0148', 'DTC 2050', 'NR', '606131835124626', '21346904', '1970-01-01', 'SCADMIN0001', '2014-02-18 13:15:57', 'SCADMIN0001', '2014-02-18 13:15:57'),
('SC_SB_0149', 'DTC 2050', 'NR', '403131834736642', '22303781', '1970-01-01', 'SCADMIN0001', '2014-02-18 13:15:57', 'SCADMIN0001', '2014-02-18 13:15:57'),
('SC_SB_0150', 'DTC 2050', 'NR', '251121811541851', '22303078', '1970-01-01', 'SCADMIN0001', '2014-02-18 13:15:57', 'SCADMIN0001', '2014-02-18 13:15:57'),
('SC_SB_0151', 'DTC 2050', 'NR', '610131835491623', '21801942', '1970-01-01', 'SCADMIN0001', '2014-02-18 13:15:57', 'SCADMIN0001', '2014-02-18 13:15:57'),
('SC_SB_0152', 'DTC 2050', 'NR', '251121811554077', '21829390', '1970-01-01', 'SCADMIN0001', '2014-02-18 13:15:57', 'SCADMIN0001', '2014-02-18 13:15:57'),
('SC_SB_0153', 'DTC 2050', 'NR', '251121811587601', '21829399', '1970-01-01', 'SCADMIN0001', '2014-02-18 13:15:57', 'SCADMIN0001', '2014-02-18 13:15:57'),
('SC_SB_0154', 'DTC 2050', 'NR', '251121811572872', '21829393', '1970-01-01', 'SCADMIN0001', '2014-02-18 13:15:57', 'SCADMIN0001', '2014-02-18 13:15:57'),
('SC_SB_0155', 'DTC 2050', 'NR', '222121642960584', '22192684', '1970-01-01', 'SCADMIN0001', '2014-02-18 13:15:57', 'SCADMIN0001', '2014-02-18 13:15:57'),
('SC_SB_0156', 'DTC 2050', 'NR', '251121811586298', '21829382', '1970-01-01', 'SCADMIN0001', '2014-02-18 13:15:57', 'SCADMIN0001', '2014-02-18 13:15:57'),
('SC_SB_0157', 'DTC 2050', 'NR', '610131835324019', '22214220', '1970-01-01', 'SCADMIN0001', '2014-02-18 13:15:57', 'SCADMIN0001', '2014-02-18 13:15:57'),
('SC_SB_0158', 'DTC 2050', 'NR', '251121811586587', '21829384', '1970-01-01', 'SCADMIN0001', '2014-02-18 13:15:57', 'SCADMIN0001', '2014-02-18 13:15:57'),
('SC_SB_0159', 'DTC 2050', 'NR', '251121811563112', '21829398', '1970-01-01', 'SCADMIN0001', '2014-02-18 13:15:57', 'SCADMIN0001', '2014-02-18 13:15:57'),
('SC_SB_0160', 'DTC 2050', 'NR', '251121811587632', '21829397', '1970-01-01', 'SCADMIN0001', '2014-02-18 13:15:58', 'SCADMIN0001', '2014-02-18 13:15:58'),
('SC_SB_0161', 'DTC 2050', 'NR', '606131835056329', '21262258', '1970-01-01', 'SCADMIN0001', '2014-02-18 13:15:58', 'SCADMIN0001', '2014-02-18 13:15:58'),
('SC_SB_0162', 'DTC 2050', 'NR', '251121811554780', '22303081', '1970-01-01', 'SCADMIN0001', '2014-02-18 13:15:58', 'SCADMIN0001', '2014-02-18 13:15:58'),
('SC_SB_0163', 'DTC 2050', 'NR', '222121642975928', '22192679', '1970-01-01', 'SCADMIN0001', '2014-02-18 13:15:58', 'SCADMIN0001', '2014-02-18 13:15:58'),
('SC_SB_0164', 'DTC 2050', 'NR', '222121642958914', '22192673', '1970-01-01', 'SCADMIN0001', '2014-02-18 13:15:58', 'SCADMIN0001', '2014-02-18 13:15:58'),
('SC_SB_0165', 'DTC 2050', 'NR', '203131834017906', '21299585', '1970-01-01', 'SCADMIN0001', '2014-02-18 13:15:58', 'SCADMIN0001', '2014-02-18 13:15:58'),
('SC_SB_0166', 'DTC 2050', 'NR', '606131835065366', '21262244', '1970-01-01', 'SCADMIN0001', '2014-02-18 13:15:58', 'SCADMIN0001', '2014-02-18 13:15:58'),
('SC_SB_0167', 'DTC 2050', 'NR', '610131835415817', '22203742', '1970-01-01', 'SCADMIN0001', '2014-02-18 13:15:58', 'SCADMIN0001', '2014-02-18 13:15:58'),
('SC_SB_0168', 'DTC 2050', 'NR', '251121811554090', '21829396', '1970-01-01', 'SCADMIN0001', '2014-02-18 13:15:58', 'SCADMIN0001', '2014-02-18 13:15:58'),
('SC_SB_0169', 'DTC 2050', 'NR', '251121811548935', '22303087', '1970-01-01', 'SCADMIN0001', '2014-02-18 13:15:58', 'SCADMIN0001', '2014-02-18 13:15:58'),
('SC_SB_0170', 'DTC 2050', 'NR', '610131835510363', '22067722', '1970-01-01', 'SCADMIN0001', '2014-02-18 13:15:58', 'SCADMIN0001', '2014-02-18 13:15:58'),
('SC_SB_0171', 'DTC 2050', 'NR', '203131811592434', '21299587', '1970-01-01', 'SCADMIN0001', '2014-02-18 13:15:58', 'SCADMIN0001', '2014-02-18 13:15:58'),
('SC_SB_0172', 'DTC 2050', 'NR', '00000', '', '1970-01-01', 'SCADMIN0001', '2014-02-18 13:15:59', 'SCADMIN0001', '2014-02-18 13:15:59'),
('SC_SB_0173', 'DTC 2050', 'NR', '607131835189910', '21346913', '1970-01-01', 'SCADMIN0001', '2014-02-18 13:15:59', 'SCADMIN0001', '2014-02-18 13:15:59'),
('SC_SB_0174', 'DTC 2050', 'NR', '607131835252266', '21597147', '1970-01-01', 'SCADMIN0001', '2014-02-18 13:15:59', 'SCADMIN0001', '2014-02-18 13:15:59'),
('SC_SB_0175', 'DTC 2050', 'NR', '211131834150625', '22712212', '1970-01-01', 'SCADMIN0001', '2014-02-18 13:15:59', 'SCADMIN0001', '2014-02-18 13:15:59'),
('SC_SB_0176', 'DTC 2050', 'NR', '203131811875526', '21299590', '1970-01-01', 'SCADMIN0001', '2014-02-18 13:15:59', 'SCADMIN0001', '2014-02-18 13:15:59'),
('SC_SB_0177', 'DTC 2050', 'NR', '606131835056344', '21262256', '1970-01-01', 'SCADMIN0001', '2014-02-18 13:15:59', 'SCADMIN0001', '2014-02-18 13:15:59'),
('SC_SB_0178', 'DTC 2050', 'NR', '610131835491622', '21801932', '1970-01-01', 'SCADMIN0001', '2014-02-18 13:15:59', 'SCADMIN0001', '2014-02-18 13:15:59'),
('SC_SB_0179', 'DTC 2050', 'NR', '610131835495299', '21801057', '1970-01-01', 'SCADMIN0001', '2014-02-18 13:15:59', 'SCADMIN0001', '2014-02-18 13:15:59'),
('SC_SB_0180', 'DTC 2050', 'NR', '403131834795632', '22383876', '1970-01-01', 'SCADMIN0001', '2014-02-18 13:15:59', 'SCADMIN0001', '2014-02-18 13:15:59'),
('SC_SB_0181', 'DTC 2050', 'NR', '203131834017910', '21299591', '1970-01-01', 'SCADMIN0001', '2014-02-18 13:15:59', 'SCADMIN0001', '2014-02-18 13:15:59'),
('SC_SB_0182', 'DTC 2050', 'NR', '607131835189908', '21346907', '1970-01-01', 'SCADMIN0001', '2014-02-18 13:15:59', 'SCADMIN0001', '2014-02-18 13:15:59'),
('SC_SB_0183', 'DTC 2050', 'NR', '606131835056434', '21262252', '1970-01-01', 'SCADMIN0001', '2014-02-18 13:16:00', 'SCADMIN0001', '2014-02-18 13:16:00'),
('SC_SB_0184', 'DTC 2050', 'NR', '610131835405825', '22214222', '1970-01-01', 'SCADMIN0001', '2014-02-18 13:16:00', 'SCADMIN0001', '2014-02-18 13:16:00'),
('SC_SB_0185', 'DTC 2050', 'NR', '607131835252268', '21597150', '1970-01-01', 'SCADMIN0001', '2014-02-18 13:16:00', 'SCADMIN0001', '2014-02-18 13:16:00'),
('SC_SB_0186', 'DTC 2050', 'NR', '610131835487007', '21801063', '1970-01-01', 'SCADMIN0001', '2014-02-18 13:16:00', 'SCADMIN0001', '2014-02-18 13:16:00'),
('SC_SB_0187', 'DTC 2050', 'NR', '606131835065375', '21262238', '1970-01-01', 'SCADMIN0001', '2014-02-18 13:16:00', 'SCADMIN0001', '2014-02-18 13:16:00'),
('SC_SB_0188', 'DTC 2050', 'NR', '203131811874140', '21299599', '1970-01-01', 'SCADMIN0001', '2014-02-18 13:16:00', 'SCADMIN0001', '2014-02-18 13:16:00'),
('SC_SB_0189', 'DTC 2050', 'NR', '606131835065374', '21262240', '1970-01-01', 'SCADMIN0001', '2014-02-18 13:16:00', 'SCADMIN0001', '2014-02-18 13:16:00'),
('SC_SB_0190', 'DTC 2050', 'NR', '606131835056405', '21262248', '1970-01-01', 'SCADMIN0001', '2014-02-18 13:16:00', 'SCADMIN0001', '2014-02-18 13:16:00'),
('SC_SB_0191', 'DTC 2050', 'NR', '606131835065377', '21262250', '1970-01-01', 'SCADMIN0001', '2014-02-18 13:16:00', 'SCADMIN0001', '2014-02-18 13:16:00'),
('SC_SB_0192', 'DTC 2050', 'NR', '610131835356048', '22067721', '1970-01-01', 'SCADMIN0001', '2014-02-18 13:16:00', 'SCADMIN0001', '2014-02-18 13:16:00');

-- --------------------------------------------------------

--
-- Table structure for table `sc_society`
--

CREATE TABLE IF NOT EXISTS `sc_society` (
  `societyid` varchar(11) NOT NULL,
  `name` varchar(65) NOT NULL,
  `created_id` varchar(11) NOT NULL,
  `created_datetime` datetime NOT NULL,
  `modify_id` varchar(11) NOT NULL,
  `modify_datetime` datetime NOT NULL,
  PRIMARY KEY (`societyid`),
  KEY `created_id` (`created_id`,`modify_id`),
  KEY `modify_id` (`modify_id`)
) ENGINE=InnoDB DEFAULT CHARSET=latin1;

--
-- Dumping data for table `sc_society`
--

INSERT INTO `sc_society` (`societyid`, `name`, `created_id`, `created_datetime`, `modify_id`, `modify_datetime`) VALUES
('SC_SO_0001', 'Shastrikunj', 'SCADMIN0001', '2013-11-03 02:16:32', 'SCADMIN0001', '2013-11-03 02:22:22'),
('SC_SO_0002', 'Chandralok', 'SCADMIN0001', '2005-01-01 00:10:14', 'SCADMIN0001', '2005-01-01 00:10:14'),
('SC_SO_0003', 'Kaileshdham', 'SCADMIN0001', '2014-02-17 18:12:21', 'SCADMIN0001', '2014-02-17 18:12:21'),
('SC_SO_0004', 'Laxmikunj', 'SCADMIN0001', '2014-02-17 18:12:31', 'SCADMIN0001', '2014-02-17 18:12:31');

--
-- Constraints for dumped tables
--

--
-- Constraints for table `sc_customer`
--
ALTER TABLE `sc_customer`
  ADD CONSTRAINT `sc_customer_ibfk_1` FOREIGN KEY (`created_id`) REFERENCES `sc_admin` (`adminid`) ON DELETE NO ACTION ON UPDATE NO ACTION,
  ADD CONSTRAINT `sc_customer_ibfk_2` FOREIGN KEY (`modify_id`) REFERENCES `sc_admin` (`adminid`) ON DELETE NO ACTION ON UPDATE NO ACTION;

--
-- Constraints for table `sc_society`
--
ALTER TABLE `sc_society`
  ADD CONSTRAINT `sc_society_ibfk_1` FOREIGN KEY (`created_id`) REFERENCES `sc_admin` (`adminid`) ON DELETE NO ACTION ON UPDATE NO ACTION,
  ADD CONSTRAINT `sc_society_ibfk_2` FOREIGN KEY (`modify_id`) REFERENCES `sc_admin` (`adminid`) ON DELETE NO ACTION ON UPDATE NO ACTION;

/*!40101 SET CHARACTER_SET_CLIENT=@OLD_CHARACTER_SET_CLIENT */;
/*!40101 SET CHARACTER_SET_RESULTS=@OLD_CHARACTER_SET_RESULTS */;
/*!40101 SET COLLATION_CONNECTION=@OLD_COLLATION_CONNECTION */;
